ePOS Code,Company Code,Date,ACRA REGISTERED NAME,Brand/Deal Name/Business Name,Sub Domain Link (If Lead is already available in Backend) Fill only when EPOS client,Tele Sales or MR (For KPI - Internal),Name of the Market Researcher,Original Source (Marketing),"Marketing Source (Do not fill anything if the leads are from Hubspot, EPOS clients)",Company Registration date / Date Established,Company Registration Number (UEN),Primary SSIC Code,Secondary SSIC Code,Hubspot ID (Company),Hubspot ID(Deal),Hubspot ID(Contact),Website URL,Business Type,Facebook Page,Instagram URL,Linkedin URL,Tik Tok URL,Ownership Type,Parent Industry Type,Industry Type,Sub Industry,Business model,Presence of Multiple Outlets,Number of Outlets (Write in #),Region,Planning Area,Business Location Type,Registered Address (Block & Street),Registered Address  (Unit #),Registered Address  (Postal code),"Operational Address 
(Block & Street)","Operational Address 
(Unit #)","Operational Address 
(Postal Code)",Operational Address Type,First Name,Last Name,PIC Name 1 Designation,PIC NAME 1 Contact Number,PIC 1 email address,First Name 2,Last Name 2,PIC Name 2 Designation,PIC NAME 2 Contact Number,PIC 2 email address,First Name 3,Last Name 3,PIC Name Designation 3,PIC NAME 3 Contact Number,PIC 3 email address,FB/Insta/Tik Tok/Linkedin Contact,Current ePOS Client ?,"If ePOS Client, which product they are using?",Is this deal part of the Gov List?,Source from Market Researcher,Contact Number from Lusha?,Phone number Verified ?
,,2025-11-09,BELL 1 SINGAPORE PTE. LTD.,BELL 1 SINGAPORE PTE. LTD.,,,,,,07-06-2018,201819442H,46610,,,,,https://bell-1.com,,['https://www.facebook.com/bell1lubricant/'],['https://www.instagram.com/bell1lubricant/'],,,LOCAL COMPANY,Others,,Other Specialised Wholesale,,,,,,,,,,,,,,,,,['+6562590183'],['enquiry@bell-1.com'],,,,,,,,,,,,,,,,,
,,2025-11-09,NUU&NII PTE. LTD.,NUU&NII PTE. LTD.,,,,,,08-08-2025,202534677Z,46413,,,,,,,,,,,LOCAL COMPANY,Others,,Household Goods,,,,,,,,,,,,,,,,,,,,,,,,,,,,,,,,,,,
,,2025-11-09,CLOUD FRONTIER ASIA PTE. LTD.,CLOUD FRONTIER ASIA PTE. LTD.,,,,,,05-08-2019,201925464M,46512,,,,,,,,,,,LOCAL COMPANY,Others,,"Machinery, Equipment & Supplies",,,,,,,,,,,,,,,,,,,,,,,,,,,,,,,,,,,
,,2025-11-09,GOLDEN GARLAND COMMUNICATION PTE. LTD.,GOLDEN GARLAND COMMUNICATION PTE. LTD.,,,,,,10-03-2021,202108485W,46523,,,,,,,,,,,LOCAL COMPANY,Others,,"Machinery, Equipment & Supplies",,,,,,,,,,,,,,,,,,,,,,,,,,,,,,,,,,,
,,2025-11-09,XINYUAN SHOES PTE. LTD.,XINYUAN SHOES PTE. LTD.,,,,,,08-05-2025,202519922K,46414,,,,,,,,,,,LOCAL COMPANY,Others,,Household Goods,,,,,,,,,,,,,,,,,,,,,,,,,,,,,,,,,,,
,,2025-11-09,THESEUS PROMOTER PTE. LTD.,THESEUS PROMOTER PTE. LTD.,,,,,,07-05-2019,201914673H,46100,,,,,,,,,,,LOCAL COMPANY,Others,,Other Specialised Wholesale,,,,,,,,,,,,,,,,,['+6567743127'],['enquiry@promoter.com.sg'],,,,,,,,,,,,,,,,,
,,2025-11-09,ASIA DIGITAL ALLIANCE PTE. LTD.,ASIA DIGITAL ALLIANCE PTE. LTD.,,,,,,05-01-2022,202200566K,46512,,,,,,,,,,,LOCAL COMPANY,Others,,"Machinery, Equipment & Supplies",,,,,,,,,,,,,,,,,,,,,,,,,,,,,,,,,,,
,,2025-11-09,NINE PURPLE GOLD PTE. LTD.,NINE PURPLE GOLD PTE. LTD.,,,,,,08-05-2025,202519905W,46631,,,,,,,,,,,LOCAL COMPANY,Others,,Other Specialised Wholesale,,,,,,,,,,,,,,,,,,,,,,,,,,,,,,,,,,,
,,2025-11-09,MYFIT ENTERPRISE PTE. LTD.,MYFIT ENTERPRISE PTE. LTD.,,,,,,01-03-2022,202207198G,46306,,,,,,,,['https://www.instagram.com/myfit.sg/'],,,LOCAL COMPANY,Others,,"Food, Beverages & Tobacco",,,,,,,,,,,,,,,,,['+6596402556'],,,,,,,,,,,,,,,,,,
,,2025-11-09,CDINDUSTRY (INTERNATIONAL) PTE. LTD.,CDINDUSTRY (INTERNATIONAL) PTE. LTD.,,,,,,02-12-2024,202449443E,46541,,,,,https://cdi-sg.com/,,,,,,LOCAL COMPANY,Others,,"Machinery, Equipment & Supplies",,,,,,,,,,,,,,,,,,,,,,,,,,,,,,,,,,,
,,2025-11-09,URBAN SKY PTE. LTD.,URBAN SKY PTE. LTD.,,,,,,07-07-2023,202326705K,46449,,,,,,,,,,,LOCAL COMPANY,Others,,Household Goods,,,,,,,,,,,,,,,,,,,,,,,,,,,,,,,,,,,
,,2025-11-09,ZHONGCHUAN ELETRIC TRADING (SINGAPORE) PTE. LTD.,ZHONGCHUAN ELETRIC TRADING (SINGAPORE) PTE. LTD.,,,,,,06-01-2020,202000842W,46522,,,,,,,,,,,LOCAL COMPANY,Others,,"Machinery, Equipment & Supplies",,,,,,,,,,,,,,,,,,,,,,,,,,,,,,,,,,,
,,2025-11-09,BAISENDA DECORATION MATERIALS PTE. LTD.,BAISENDA DECORATION MATERIALS PTE. LTD.,,,,,,06-11-2024,202445616D,46631,,,,,,,,,,,LOCAL COMPANY,Others,,Other Specialised Wholesale,,,,,,,,,,,,,,,,,,,,,,,,,,,,,,,,,,,
,,2025-11-09,THE SINGAPORE FOOD AND WINE,THE SINGAPORE FOOD AND WINE,,,,,,03-07-2020,53416329K,46307,,,,,https://napoleon.sg,,['https://www.facebook.com/p/the-singapore-food-wine-company-100080176512552/'],,,,SOLE PROPRIETORSHIP/ PARTNERSHIP,Others,,"Food, Beverages & Tobacco",,,,,,,,,,,,,,,,,['+6562219282'],,,,,,,,,,,,,,,,,,
,,2025-11-09,VIGNA INTERNATIONAL PTE. LTD.,VIGNA INTERNATIONAL PTE. LTD.,,,,,,11-04-2022,202212454M,46610,,,,,,,,,,,LOCAL COMPANY,Others,,Other Specialised Wholesale,,,,,,,,,,,,,,,,,,,,,,,,,,,,,,,,,,,
,,2025-11-09,HL GRANITE RESOURCES PTE. LTD.,HL GRANITE RESOURCES PTE. LTD.,,,,,,12-11-2019,201938239G,46639,,,,,,,,,,,LOCAL COMPANY,Others,,Other Specialised Wholesale,,,,,,,,,,,,,,,,,,,,,,,,,,,,,,,,,,,
,,2025-11-09,HUA SI DA TRADING,HUA SI DA TRADING,,,,,,04-12-2023,53477346W,46309,,,,,,,,,,,SOLE PROPRIETORSHIP/ PARTNERSHIP,Others,,"Food, Beverages & Tobacco",,,,,,,,,,,,,,,,,,,,,,,,,,,,,,,,,,,
,,2025-11-09,SEA GUARDIAN MARINE (SINGAPORE) PTE. LTD.,SEA GUARDIAN MARINE (SINGAPORE) PTE. LTD.,,,,,,09-07-2019,201922064E,46610,,,,,,,['https://www.facebook.com/p/sea-guardian-marine-100091435595408/'],,,,LOCAL COMPANY,Others,,Other Specialised Wholesale,,,,,,,,,,,,,,,,,['+6593512288'],['trading@seaguardianmarine.com.sg'],,,,,,,,,,,,,,,,,
,,2025-11-09,ABBACI DISTRIBUTION (SINGAPORE) PTE. LTD.,ABBACI DISTRIBUTION (SINGAPORE) PTE. LTD.,,,,,,11-04-2016,201609496K,46306,,,,,https://verdura.com.sg,,,,,,LOCAL COMPANY,Others,,"Food, Beverages & Tobacco",,,,,,,,,,,,,,,,,['+6562439947'],['info@abbaci.com'],,,,,,,,,,,,,,,,,
,,2025-11-09,RIMSEA INTERNATIONAL PTE. LTD.,RIMSEA INTERNATIONAL PTE. LTD.,,,,,,02-12-2020,202038973G,46522,,,,,,,,,,,LOCAL COMPANY,Others,,"Machinery, Equipment & Supplies",,,,,,,,,,,,,,,,,,,,,,,,,,,,,,,,,,,
,,2025-11-09,SANJIN OVERSEAS PTE. LTD.,SANJIN OVERSEAS PTE. LTD.,,,,,,04-06-2018,201819037M,46620,,,,,,,,,,,LOCAL COMPANY,Others,,Other Specialised Wholesale,,,,,,,,,,,,,,,,,,,,,,,,,,,,,,,,,,,
,,2025-11-09,VALUEMARKETS CONSULTANCY PTE. LTD.,VALUEMARKETS CONSULTANCY PTE. LTD.,,,,,,09-05-2023,202317955C,46100,,,,,https://valuemarkets.com/,,,,,,LOCAL COMPANY,Others,,Other Specialised Wholesale,,,,,,,,,,,,,,,,,,,,,,,,,,,,,,,,,,,
,,2025-11-09,PEM (SG) PTE. LTD.,PEM (SG) PTE. LTD.,,,,,,08-11-2018,201838074K,46512,,,,,https://pemconfinement.com,,['https://www.facebook.com/pemconfinementnanny/'],['https://www.instagram.com/pemconfinementnanny/'],['https://sg.linkedin.com/company/pem-confinement-nanny-agency-pte-ltd-'],,LOCAL COMPANY,Others,,"Machinery, Equipment & Supplies",,,,,,,,,,,,,,,,,['+6562939249'],['sales@pemconfinement.com'],,,,,,,,,,,,,,,,,
,,2025-11-09,P & O FEDERATION,P & O FEDERATION,,,,,,04-04-2025,53502126K,46424,,,,,,,,,,,SOLE PROPRIETORSHIP/ PARTNERSHIP,Others,,Household Goods,,,,,,,,,,,,,,,,,,,,,,,,,,,,,,,,,,,
,,2025-11-09,312 TECHNOLOGY LLP,312 TECHNOLOGY LLP,,,,,,08-06-2018,T18LL0967D,46592,,,,,https://312-technology.com,,['https://www.facebook.com/wecare312technology/'],,,,LIMITED LIABILITY PARTNERSHIP,Others,,"Machinery, Equipment & Supplies",,,,,,,,,,,,,,,,,['+6587600312'],,,,,,,,,,,,,,,,,,
,,2025-11-09,SUSTAIN ENGINEERING PTE. LTD.,SUSTAIN ENGINEERING PTE. LTD.,,,,,,01-01-2021,202100172W,46599,,,,,,,,,,,LOCAL COMPANY,Others,,"Machinery, Equipment & Supplies",,,,,,,,,,,,,,,,,['+6562907633'],,,,,,,,,,,,,,,,,,
,,2025-11-09,ZHIRONG ELECTRONICS PTE. LTD.,ZHIRONG ELECTRONICS PTE. LTD.,,,,,,09-11-2023,202344367N,46522,,,,,,,,,,,LOCAL COMPANY,Others,,"Machinery, Equipment & Supplies",,,,,,,,,,,,,,,,,,,,,,,,,,,,,,,,,,,
,,2025-11-09,SLD SEMI (SINGAPORE) PTE. LTD.,SLD SEMI (SINGAPORE) PTE. LTD.,,,,,,01-04-2024,202412608H,46522,,,,,,,,,,,LOCAL COMPANY,Others,,"Machinery, Equipment & Supplies",,,,,,,,,,,,,,,,,['+6564675585'],,,,,,,,,,,,,,,,,,
,,2025-11-09,YAMAMA ASIA PTE. LTD.,YAMAMA ASIA PTE. LTD.,,,,,,06-07-2018,201823048R,46591,,,,,https://yamamaasia.com,,,,,,LOCAL COMPANY,Others,,"Machinery, Equipment & Supplies",,,,,,,,,,,,,,,,,,,,,,,,,,,,,,,,,,,
,,2025-11-09,L-ACOUSTICS PTE. LTD.,L-ACOUSTICS PTE. LTD.,,,,,,04-09-2019,201929360Z,46436,,,,,https://www.mycareersfuture.gov.sg/job/design/director-application-apac-l-acoustics-b0a98465897f6c279470549b774b5ce5,,,['https://www.instagram.com/l.acoustics.official/'],"['https://sg.linkedin.com/company/l-acoustics?trk=ppro_cprof', 'https://uk.linkedin.com/company/l-acoustics']",,LOCAL COMPANY,Others,,Household Goods,,,,,,,,,,,,,,,,,['+6568714026'],,,,,,,,,,,,,,,,,,
,,2025-11-09,DF TRADING (PTE. LTD.),DF TRADING (PTE. LTD.),,,,,,03-01-2017,201700250C,46639,,,,,,,,,,,LOCAL COMPANY,Others,,Other Specialised Wholesale,,,,,,,,,,,,,,,,,,['sales@dftrading.asia'],,,,,,,,,,,,,,,,,
,,2025-11-09,GTC INTL TRADE PTE. LTD.,GTC INTL TRADE PTE. LTD.,,,,,,02-10-2024,202440423M,46511,,,,,,,,,,,LOCAL COMPANY,Others,,"Machinery, Equipment & Supplies",,,,,,,,,,,,,,,,,,,,,,,,,,,,,,,,,,,
,,2025-11-09,HYTOP TECH PTE. LTD.,HYTOP TECH PTE. LTD.,,,,,,08-03-2024,202409314K,46541,,,,,,,,,,,LOCAL COMPANY,Others,,"Machinery, Equipment & Supplies",,,,,,,,,,,,,,,,,,,,,,,,,,,,,,,,,,,
,,2025-11-09,VITMO HEALTH & CARE PTE. LTD.,VITMO HEALTH & CARE PTE. LTD.,,,,,,10-01-2024,202401543R,46592,,,,,https://www.vitmo-healthcare.com/,,,,,,LOCAL COMPANY,Others,,"Machinery, Equipment & Supplies",,,,,,,,,,,,,,,,,,,,,,,,,,,,,,,,,,,
,,2025-11-09,VITAFRESH PTE. LTD.,VITAFRESH PTE. LTD.,,,,,,03-03-2017,201705951R,46301,,,,,https://vitafresh.com.sg,,['https://www.facebook.com/vitafreshpteltd/'],['https://www.instagram.com/vitafreshsg/'],,,LOCAL COMPANY,Others,,"Food, Beverages & Tobacco",,,,,,,,,,,,,,,,,['+6562657997'],['vitafreshenquiry@gmail.com'],,,,,,,,,,,,,,,,,
,,2025-11-09,NANOMEDIC TECHNOLOGIES & SOLUTIONS PTE. LTD.,NANOMEDIC TECHNOLOGIES & SOLUTIONS PTE. LTD.,,,,,,06-01-2025,202500424N,46592,,,,,,,,,,,LOCAL COMPANY,Others,,"Machinery, Equipment & Supplies",,,,,,,,,,,,,,,,,,,,,,,,,,,,,,,,,,,
,,2025-11-09,TENSHI KAIZEN PHARMA PTE. LTD.,TENSHI KAIZEN PHARMA PTE. LTD.,,,,,,11-01-2019,201901539C,46461,,,,,https://tenshi.co.in,,,,['https://www.linkedin.com/company/tenshi-life-sciences'],,LOCAL COMPANY,Others,,Pharmacies & Health Stores,,,,,,,,,,,,,,,,,,,,,,,,,,,,,,,,,,,
,,2025-11-09,INNOVATECH SOLUTIONS PTE. LTD.,INNOVATECH SOLUTIONS PTE. LTD.,,,,,,02-06-2021,202119332C,46100,,,,,,,['https://www.facebook.com/p/innovatech-precision-engineering-100057411011038/'],,['https://www.linkedin.com/company/innovatechsol'],,LOCAL COMPANY,Others,,Other Specialised Wholesale,,,,,,,,,,,,,,,,,,,,,,,,,,,,,,,,,,,
,,2025-11-09,EAST COAST COMMODITY GROUP (S) PTE. LTD.,EAST COAST COMMODITY GROUP (S) PTE. LTD.,,,,,,01-03-2024,202408100H,46610,,,,,https://eccgroups.com/,,,,,,LOCAL COMPANY,Others,,Other Specialised Wholesale,,,,,,,,,,,,,,,,,,['info@eccgroups.com'],,,,,,,,,,,,,,,,,
,,2025-11-09,BIG LION PTE. LTD.,BIG LION PTE. LTD.,,,,,,02-06-2022,202219119G,46412,,,,,,,,,,,LOCAL COMPANY,Others,,Household Goods,,,,,,,,,,,,,,,,,,,,,,,,,,,,,,,,,,,
,,2025-11-09,TEA BEGINS PTE. LTD.,TEA BEGINS PTE. LTD.,,,,,,05-08-2025,202534000G,46223,,,,,,,,,,,LOCAL COMPANY,Others,,Agricultural Raw Materials & Live Animals,,,,,,,,,,,,,,,,,,,,,,,,,,,,,,,,,,,
,,2025-11-09,URTON TRADING PTE. LTD.,URTON TRADING PTE. LTD.,,,,,,03-06-2022,202219350H,46439,,,,,,,,,,,LOCAL COMPANY,Others,,Household Goods,,,,,,,,,,,,,,,,,,,,,,,,,,,,,,,,,,,
,,2025-11-09,ROCKETBINSON PTE. LTD.,ROCKETBINSON PTE. LTD.,,,,,,05-11-2024,202445409N,46530,,,,,,,,,,,LOCAL COMPANY,Others,,"Machinery, Equipment & Supplies",,,,,,,,,,,,,,,,,,,,,,,,,,,,,,,,,,,
,,2025-11-09,NATHAN FASHION & STYLE,NATHAN FASHION & STYLE,,,,,,05-10-2022,53457163L,46100,,,,,,,,,,,SOLE PROPRIETORSHIP/ PARTNERSHIP,Others,,Other Specialised Wholesale,,,,,,,,,,,,,,,,,,,,,,,,,,,,,,,,,,,
,,2025-11-09,GUAN SAM TRADING PTE. LTD.,GUAN SAM TRADING PTE. LTD.,,,,,,11-03-2025,202510612G,46302,,,,,,,,,,,LOCAL COMPANY,Others,,"Food, Beverages & Tobacco",,,,,,,,,,,,,,,,,,,,,,,,,,,,,,,,,,,
,,2025-11-09,LEMON GRASS TRADE PTE. LTD.,LEMON GRASS TRADE PTE. LTD.,,,,,,11-08-2025,202535195G,46563,,,,,,,,,,,LOCAL COMPANY,Others,,"Machinery, Equipment & Supplies",,,,,,,,,,,,,,,,,,,,,,,,,,,,,,,,,,,
,,2025-11-09,NEW L.R. INTERNATIONAL PTE. LTD.,NEW L.R. INTERNATIONAL PTE. LTD.,,,,,,03-06-2025,202524149M,46449,,,,,,,,,,,LOCAL COMPANY,Others,,Household Goods,,,,,,,,,,,,,,,,,,,,,,,,,,,,,,,,,,,
,,2025-11-09,CHIN HAN HOLDING COMPANY PTE. LTD.,CHIN HAN HOLDING COMPANY PTE. LTD.,,,,,,05-06-2018,201819110E,46301,,,,,,,,,,,LOCAL COMPANY,Others,,"Food, Beverages & Tobacco",,,,,,,,,,,,,,,,,,,,,,,,,,,,,,,,,,,
,,2025-11-09,YIFA TRADE PTE. LTD.,YIFA TRADE PTE. LTD.,,,,,,03-07-2024,202426734C,46631,,,,,,,,,,,LOCAL COMPANY,Others,,Other Specialised Wholesale,,,,,,,,,,,,,,,,,,,,,,,,,,,,,,,,,,,
,,2025-11-09,FUCEN SEWING MACHINE CO. PTE. LTD.,FUCEN SEWING MACHINE CO. PTE. LTD.,,,,,,02-10-2019,201933083N,46541,,,,,https://fucen-sewing.com/,,,,,,LOCAL COMPANY,Others,,"Machinery, Equipment & Supplies",,,,,,,,,,,,,,,,,,,,,,,,,,,,,,,,,,,
,,2025-11-09,SINOENERGY PTE. LTD.,SINOENERGY PTE. LTD.,,,,,,10-01-2020,202001423C,46100,,,,,https://sinenergy.com.sg/,,,,,,LOCAL COMPANY,Others,,Other Specialised Wholesale,,,,,,,,,,,,,,,,,['+6563518559'],['info@sinenergy.com.sg'],,,,,,,,,,,,,,,,,
,,2025-11-09,ESTV PTE. LTD.,ESTV PTE. LTD.,,,,,,05-03-2022,202207747Z,46511,,,,,,,,,,,LOCAL COMPANY,Others,,"Machinery, Equipment & Supplies",,,,,,,,,,,,,,,,,,,,,,,,,,,,,,,,,,,
,,2025-11-09,THE SEAFOOD ESSENTIALS PTE. LTD.,THE SEAFOOD ESSENTIALS PTE. LTD.,,,,,,08-11-2021,202138723W,46302,,,,,,,,,,,LOCAL COMPANY,Others,,"Food, Beverages & Tobacco",,,,,,,,,,,,,,,,,,,,,,,,,,,,,,,,,,,
,,2025-11-09,GOLDEN BRIDGE SG PTE. LTD.,GOLDEN BRIDGE SG PTE. LTD.,,,,,,02-08-2024,202431500G,46561,,,,,,,,,,,LOCAL COMPANY,Others,,"Machinery, Equipment & Supplies",,,,,,,,,,,,,,,,,,,,,,,,,,,,,,,,,,,
,,2025-11-09,HMM TEA PTE. LTD.,HMM TEA PTE. LTD.,,,,,,12-12-2022,202244127K,46223,,,,,,,,['https://www.instagram.com/hmmtea.sg/'],,,LOCAL COMPANY,Others,,Agricultural Raw Materials & Live Animals,,,,,,,,,,,,,,,,,,,,,,,,,,,,,,,,,,,
,,2025-11-09,FINTECHNO PTE. LTD.,FINTECHNO PTE. LTD.,,,,,,08-11-2021,202138626R,46521,,,,,,,,,,,LOCAL COMPANY,Others,,"Machinery, Equipment & Supplies",,,,,,,,,,,,,,,,,,,,,,,,,,,,,,,,,,,
,,2025-11-09,UNIPOE INTERNATIONAL PTE. LTD.,UNIPOE INTERNATIONAL PTE. LTD.,,,,,,08-11-2024,202446005H,46521,,,,,https://www.unipoe.com/,,,,,,LOCAL COMPANY,Others,,"Machinery, Equipment & Supplies",,,,,,,,,,,,,,,,,,,,,,,,,,,,,,,,,,,
,,2025-11-09,AIVILO,AIVILO,,,,,,01-10-2022,53457016W,46491,,,,,,,,"['https://www.instagram.com/aiviloswim', 'https://www.instagram.com/_aivilolivia_/']",,,SOLE PROPRIETORSHIP/ PARTNERSHIP,Others,,Household Goods,,,,,,,,,,,,,,,,,,,,,,,,,,,,,,,,,,,
,,2025-11-09,NMET MATERIALS (SINGAPORE) PTE. LTD.,NMET MATERIALS (SINGAPORE) PTE. LTD.,,,,,,06-05-2022,202215639Z,46649,,,,,,,,,,,LOCAL COMPANY,Others,,Other Specialised Wholesale,,,,,,,,,,,,,,,,,,,,,,,,,,,,,,,,,,,
,,2025-11-09,TRADEELITE SINGAPORE PTE. LTD.,TRADEELITE SINGAPORE PTE. LTD.,,,,,,10-04-2024,202414101M,46411,,,,,,,,,,,LOCAL COMPANY,Others,,Household Goods,,,,,,,,,,,,,,,,,,,,,,,,,,,,,,,,,,,
,,2025-11-09,BCTK TRADING,BCTK TRADING,,,,,,02-01-2024,53478758D,46452,,,,,,,,,,,SOLE PROPRIETORSHIP/ PARTNERSHIP,Others,,Household Goods,,,,,,,,,,,,,,,,,,,,,,,,,,,,,,,,,,,
,,2025-11-09,PUMA ENERGY SUPPLY & TRADING PTE. LTD.,PUMA ENERGY SUPPLY & TRADING PTE. LTD.,,,,,,02-09-2016,201623973D,46610,,,,,https://pumaenergy.com,,,,,,LOCAL COMPANY,Others,,Other Specialised Wholesale,,,,,,,,,,,,,,,,,+6563192960,,,,,,,,,,,,,,,,,,
,,2025-11-09,ZUNTE ASIA PACIFIC PRIVATE LIMITED,ZUNTE ASIA PACIFIC PRIVATE LIMITED,,,,,,09-12-2019,201941624C,46307,,,,,,,['https://www.facebook.com/zunteapac'],,,,LOCAL COMPANY,Others,,"Food, Beverages & Tobacco",,,,,,,,,,,,,,,,,,,,,,,,,,,,,,,,,,,
,,2025-11-09,SHAYAN GALLERY PTE. LTD.,SHAYAN GALLERY PTE. LTD.,,,,,,09-06-2020,202016017N,46432,,,,,,,"['https://www.facebook.com/shayangallery/', 'https://www.facebook.com/shayangallerysingapore/']",['https://www.instagram.com/shayan_gallery11/?hl=en'],,,LOCAL COMPANY,Others,,Household Goods,,,,,,,,,,,,,,,,,,['Shayangallery11@gmail.com'],,,,,,,,,,,,,,,,,
,,2025-11-09,Z FRESH MEATS,Z FRESH MEATS,,,,,,04-08-2024,53489615D,46302,,,,,,,,,,,SOLE PROPRIETORSHIP/ PARTNERSHIP,Others,,"Food, Beverages & Tobacco",,,,,,,,,,,,,,,,,,,,,,,,,,,,,,,,,,,
,,2025-11-09,MUMMY CIRCLE,MUMMY CIRCLE,,,,,,07-05-2020,53413023B,46100,,,,,https://mummycircle.com,,"['https://www.facebook.com/wawamummycircle/', 'https://www.facebook.com/mummycircleglobal/']",,,,SOLE PROPRIETORSHIP/ PARTNERSHIP,Others,,Other Specialised Wholesale,,,,,,,,,,,,,,,,,,['assist@mummycircle.com'],,,,,,,,,,,,,,,,,
,,2025-11-09,BALANZA PTE. LTD.,BALANZA PTE. LTD.,,,,,,03-11-2023,202343980N,46431,,,,,https://balanzaltd.com/,,,,,,LOCAL COMPANY,Others,,Household Goods,,,,,,,,,,,,,,,,,,,,,,,,,,,,,,,,,,,
,,2025-11-09,GITLAB SINGAPORE HOLDING PTE. LTD.,GITLAB SINGAPORE HOLDING PTE. LTD.,,,,,,10-12-2020,202040129Z,46512,,,,,https://www.straitstimes.com/business/ai-enters-prime-time-in-software-innovation-pays-off-in-less-than-2-years-survey,,,,,,LOCAL COMPANY,Others,,"Machinery, Equipment & Supplies",,,,,,,,,,,,,,,,,['+6563333636'],['total-rewards@gitlab.com'],,,,,,,,,,,,,,,,,
,,2025-11-09,NGEE TECK HUAT PLANTATION PTE. LTD.,NGEE TECK HUAT PLANTATION PTE. LTD.,,,,,,01-04-2015,201508759R,46301,,,,,,,['https://www.facebook.com/ngee-teck-huat-plantation-sdn-bhd-108178974975045'],,,,LOCAL COMPANY,Others,,"Food, Beverages & Tobacco",,,,,,,,,,,,,,,,,,['info@nthgroup.com.my'],,,,,,,,,,,,,,,,,
,,2025-11-09,CHING MAN TIMBER PTE. LTD.,CHING MAN TIMBER PTE. LTD.,,,,,,07-08-2024,202432239R,46631,,,,,,,,,,,LOCAL COMPANY,Others,,Other Specialised Wholesale,,,,,,,,,,,,,,,,,,,,,,,,,,,,,,,,,,,
,,2025-11-09,ARKK GLOBAL PTE. LTD.,ARKK GLOBAL PTE. LTD.,,,,,,09-12-2020,202040053W,46100,,,,,,,,,,,LOCAL COMPANY,Others,,Other Specialised Wholesale,,,,,,,,,,,,,,,,,,,,,,,,,,,,,,,,,,,
,,2025-11-09,SOON AI PTE. LTD.,SOON AI PTE. LTD.,,,,,,12-05-2025,202520451R,46522,,,,,,,,,,,LOCAL COMPANY,Others,,"Machinery, Equipment & Supplies",,,,,,,,,,,,,,,,,,,,,,,,,,,,,,,,,,,
,,2025-11-09,AOP WORLD PTE. LTD.,AOP WORLD PTE. LTD.,,,,,,05-02-2022,202203991C,46592,,,,,https://www.aop-world.com/,,,,,,LOCAL COMPANY,Others,,"Machinery, Equipment & Supplies",,,,,,,,,,,,,,,,,,['connect@aop-world.com'],,,,,,,,,,,,,,,,,
,,2025-11-09,KM RESOURCES LLP,KM RESOURCES LLP,,,,,,05-05-2020,T20LL0563H,46593,,,,,,,,,,,LIMITED LIABILITY PARTNERSHIP,Others,,"Machinery, Equipment & Supplies",,,,,,,,,,,,,,,,,,,,,,,,,,,,,,,,,,,
,,2025-11-09,NGUYEN NHUNG,NGUYEN NHUNG,,,,,,04-10-2022,53457161A,46301,,,,,,,,['https://www.instagram.com/nhunggma/?hl=en'],,,SOLE PROPRIETORSHIP/ PARTNERSHIP,Others,,"Food, Beverages & Tobacco",,,,,,,,,,,,,,,,,,,,,,,,,,,,,,,,,,,
,,2025-11-09,PENNYCILLIN PTE. LTD.,PENNYCILLIN PTE. LTD.,,,,,,05-05-2022,202215480R,46592,,,,,,,,,,,LOCAL COMPANY,Others,,"Machinery, Equipment & Supplies",,,,,,,,,,,,,,,,,,,,,,,,,,,,,,,,,,,
,,2025-11-09,(MARS) MONSTER AUTO RACING STYLING PTE. LTD.,(MARS) MONSTER AUTO RACING STYLING PTE. LTD.,,,,,,03-09-2022,202231219G,46563,,,,,,,,,,,LOCAL COMPANY,Others,,"Machinery, Equipment & Supplies",,,,,,,,,,,,,,,,,,,,,,,,,,,,,,,,,,,
,,2025-11-09,DERMODX INTERNATIONAL PTE. LTD.,DERMODX INTERNATIONAL PTE. LTD.,,,,,,11-05-2015,201512607R,46592,,,,,,,,,,,LOCAL COMPANY,Others,,"Machinery, Equipment & Supplies",,,,,,,,,,,,,,,,,,,,,,,,,,,,,,,,,,,
,,2025-11-09,AUSKING DEVELOPMENT PTE. LTD.,AUSKING DEVELOPMENT PTE. LTD.,,,,,,01-03-2022,202207091R,46641,,,,,http://www.ausking.net/,,,,,,LOCAL COMPANY,Others,,Other Specialised Wholesale,,,,,,,,,,,,,,,,,,['info@ausking.net'],,,,,,,,,,,,,,,,,
,,2025-11-09,GLOBAL PETROLEUM TRADE (S) PTE. LTD.,GLOBAL PETROLEUM TRADE (S) PTE. LTD.,,,,,,01-04-2025,202514106K,46100,,,,,,,,,,,LOCAL COMPANY,Others,,Other Specialised Wholesale,,,,,,,,,,,,,,,,,,,,,,,,,,,,,,,,,,,
,,2025-11-09,CLC FISHERY SINGAPORE PTE. LTD.,CLC FISHERY SINGAPORE PTE. LTD.,,,,,,03-06-2025,202524218W,46302,,,,,,,,,,,LOCAL COMPANY,Others,,"Food, Beverages & Tobacco",,,,,,,,,,,,,,,,,,,,,,,,,,,,,,,,,,,
,,2025-11-09,GREEN TEXTILE GROUP PTE. LTD.,GREEN TEXTILE GROUP PTE. LTD.,,,,,,09-03-2023,202308828Z,46411,,,,,,,,,,,LOCAL COMPANY,Others,,Household Goods,,,,,,,,,,,,,,,,,,,,,,,,,,,,,,,,,,,
,,2025-11-09,DL TOTAL HEALTH PTE. LTD.,DL TOTAL HEALTH PTE. LTD.,,,,,,01-08-2016,201620824G,46306,,,,,https://dltotalhealth.com,,,,,,LOCAL COMPANY,Others,,"Food, Beverages & Tobacco",,,,,,,,,,,,,,,,,,,,,,,,,,,,,,,,,,,
,,2025-11-09,INNO SERVICES,INNO SERVICES,,,,,,02-03-2021,53429788M,46591,,,,,,,,,,,SOLE PROPRIETORSHIP/ PARTNERSHIP,Others,,"Machinery, Equipment & Supplies",,,,,,,,,,,,,,,,,,,,,,,,,,,,,,,,,,,
,,2025-11-09,MERCURY ASCENDING PTE. LTD.,MERCURY ASCENDING PTE. LTD.,,,,,,10-05-2024,202418772E,46443,,,,,,,,,,,LOCAL COMPANY,Others,,Household Goods,,,,,,,,,,,,,,,,,,,,,,,,,,,,,,,,,,,
,,2025-11-09,PETER CHIA MARKETING PTE. LTD.,PETER CHIA MARKETING PTE. LTD.,,,,,,06-02-2015,201503740D,46461,,,,,https://pcmarketing.com.sg,,,,,,LOCAL COMPANY,Others,,Pharmacies & Health Stores,,,,,,,,,,,,,,,,,['+6598167501'],,,,,,,,,,,,,,,,,,
,,2025-11-09,SILVER VALLEY PTE. LTD.,SILVER VALLEY PTE. LTD.,,,,,,05-04-2023,202313141D,46620,,,,,,,,,,,LOCAL COMPANY,Others,,Other Specialised Wholesale,,,,,,,,,,,,,,,,,,,,,,,,,,,,,,,,,,,
,,2025-11-09,WINDHILL TECHNOLOGIES PTE. LTD.,WINDHILL TECHNOLOGIES PTE. LTD.,,,,,,06-03-2024,202408952K,46511,,,,,http://www.windhill.com.cn/,,,,,,LOCAL COMPANY,Others,,"Machinery, Equipment & Supplies",,,,,,,,,,,,,,,,,['+6582894993'],['sales@windhill.com.cn'],,,,,,,,,,,,,,,,,
,,2025-11-09,LES FRUITS PTE. LTD.,LES FRUITS PTE. LTD.,,,,,,01-07-2015,201527625Z,46301,,,,,https://loheeseng.com.sg,,['https://www.facebook.com/les.fruits.sg'],['https://www.instagram.com/fruits_les/'],,,LOCAL COMPANY,Others,,"Food, Beverages & Tobacco",,,,,,,,,,,,,,,,,,,,,,,,,,,,,,,,,,,
,,2025-11-09,GRACEFUL RESOURCES,GRACEFUL RESOURCES,,,,,,05-09-2025,53509946X,46100,,,,,,,,,,,SOLE PROPRIETORSHIP/ PARTNERSHIP,Others,,Other Specialised Wholesale,,,,,,,,,,,,,,,,,,,,,,,,,,,,,,,,,,,
,,2025-11-09,SENLIY MEDICAL PTE. LTD.,SENLIY MEDICAL PTE. LTD.,,,,,,11-04-2024,202414235H,46592,,,,,,,,,,,LOCAL COMPANY,Others,,"Machinery, Equipment & Supplies",,,,,,,,,,,,,,,,,,,,,,,,,,,,,,,,,,,
,,2025-11-09,CASIVISION TECHNOLOGY SG PTE. LTD.,CASIVISION TECHNOLOGY SG PTE. LTD.,,,,,,11-09-2023,202336538K,46541,,,,,,,,,,,LOCAL COMPANY,Others,,"Machinery, Equipment & Supplies",,,,,,,,,,,,,,,,,,,,,,,,,,,,,,,,,,,
,,2025-11-09,PRECISION HEARING CLINIC AND SPEECH THERAPY CENTRE PTE. LTD.,PRECISION HEARING CLINIC AND SPEECH THERAPY CENTRE PTE. LTD.,,,,,,11-03-2025,202510737C,46592,,,,,,,,,,,LOCAL COMPANY,Others,,"Machinery, Equipment & Supplies",,,,,,,,,,,,,,,,,,,,,,,,,,,,,,,,,,,
,,2025-11-09,SMARTBETA TECHNOLOGIES PTE. LTD.,SMARTBETA TECHNOLOGIES PTE. LTD.,,,,,,10-04-2017,201710026W,46514,,,,,,,,,,,LOCAL COMPANY,Others,,"Machinery, Equipment & Supplies",,,,,,,,,,,,,,,,,,,,,,,,,,,,,,,,,,,
,,2025-11-09,KINGFULL ELECTRONICS PTE. LTD.,KINGFULL ELECTRONICS PTE. LTD.,,,,,,01-06-2023,202321630W,46522,,,,,http://www.kingfull-ic.com/,,,,,,LOCAL COMPANY,Others,,"Machinery, Equipment & Supplies",,,,,,,,,,,,,,,,,['+6587645502'],['info@kingfull-ic.com'],,,,,,,,,,,,,,,,,
,,2025-11-09,FISHER INTERNATIONAL,FISHER INTERNATIONAL,,,,,,10-03-2015,53291605X,46100,,,,,,,,,['https://www.linkedin.com/company/fisher-international'],,SOLE PROPRIETORSHIP/ PARTNERSHIP,Others,,Other Specialised Wholesale,,,,,,,,,,,,,,,,,,,,,,,,,,,,,,,,,,,
,,2025-11-09,SENTOSA MEDICAL PTE. LTD.,SENTOSA MEDICAL PTE. LTD.,,,,,,01-06-2022,202219064C,46592,,,,,,,,,,,LOCAL COMPANY,Others,,"Machinery, Equipment & Supplies",,,,,,,,,,,,,,,,,['+6563226351'],,,,,,,,,,,,,,,,,,
,,2025-11-09,GLOBAL CONNECTIVITY PTE. LTD.,GLOBAL CONNECTIVITY PTE. LTD.,,,,,,12-02-2021,202105433D,46544,,,,,https://www.globalconnectivityplc.com/,,,,,,LOCAL COMPANY,Others,,"Machinery, Equipment & Supplies",,,,,,,,,,,,,,,,,,,,,,,,,,,,,,,,,,,
,,2025-11-09,WEECHIP TECHNOLOGY PTE. LTD.,WEECHIP TECHNOLOGY PTE. LTD.,,,,,,11-11-2022,202240235K,46544,,,,,http://www.weechip.com/,,,,,,LOCAL COMPANY,Others,,"Machinery, Equipment & Supplies",,,,,,,,,,,,,,,,,,,,,,,,,,,,,,,,,,,
,,2025-11-09,OCEAN HONOR INTERNATIONAL FOODS PTE. LTD.,OCEAN HONOR INTERNATIONAL FOODS PTE. LTD.,,,,,,08-05-2022,202215831C,46302,,,,,,,,,,,LOCAL COMPANY,Others,,"Food, Beverages & Tobacco",,,,,,,,,,,,,,,,,,,,,,,,,,,,,,,,,,,
,,2025-11-09,WS VEGE FRUITS ENTERPRISE,WS VEGE FRUITS ENTERPRISE,,,,,,10-07-2025,53506866B,46301,,,,,,,,,,,SOLE PROPRIETORSHIP/ PARTNERSHIP,Others,,"Food, Beverages & Tobacco",,,,,,,,,,,,,,,,,,,,,,,,,,,,,,,,,,,
,,2025-11-09,COOL BREEZE SPORTS PTE. LTD.,COOL BREEZE SPORTS PTE. LTD.,,,,,,06-02-2023,202304141C,46441,,,,,,,,,,,LOCAL COMPANY,Others,,Household Goods,,,,,,,,,,,,,,,,,,,,,,,,,,,,,,,,,,,
,,2025-11-09,KELLY ORIENTAL TRADING PTE. LTD.,KELLY ORIENTAL TRADING PTE. LTD.,,,,,,04-11-2020,202035379R,46424,,,,,https://kellyoriental.com,,['https://www.facebook.com/kellyoriental/'],['https://www.instagram.com/kellyorientaltcm/'],,,LOCAL COMPANY,Others,,Household Goods,,,,,,,,,,,,,,,,,['+6591895870'],['Hello@kellyoriental.com'],,,,,,,,,,,,,,,,,
,,2025-11-09,PARTNER PET. PTE. LTD.,PARTNER PET. PTE. LTD.,,,,,,12-03-2025,202510980W,46213,,,,,https://partnerpet.com.cn,,,,,,LOCAL COMPANY,Others,,Agricultural Raw Materials & Live Animals,,,,,,,,,,,,,,,,,,,,,,,,,,,,,,,,,,,
,,2025-11-09,YONGDA INTERNATIONAL SERVICE PTE. LTD.,YONGDA INTERNATIONAL SERVICE PTE. LTD.,,,,,,04-03-2025,202509417C,46551,,,,,http://www.theyongda.com/,,,,,,LOCAL COMPANY,Others,,"Machinery, Equipment & Supplies",,,,,,,,,,,,,,,,,,,,,,,,,,,,,,,,,,,
,,2025-11-09,IKIGAI LIVING PTE. LTD.,IKIGAI LIVING PTE. LTD.,,,,,,07-11-2024,202445731H,46306,,,,,https://www.ikigailiving.sg/,,['https://www.facebook.com/profile.php?id=61570108013766'],['https://www.instagram.com/barkerwellness.sg/'],,,LOCAL COMPANY,Others,,"Food, Beverages & Tobacco",,,,,,,,,,,,,,,,,,,,,,,,,,,,,,,,,,,
,,2025-11-09,GRACEFUL LIVING PTE. LTD.,GRACEFUL LIVING PTE. LTD.,,,,,,08-01-2020,202001156H,46306,,,,,https://gracefullivingsg.com/,,,,,,LOCAL COMPANY,Others,,"Food, Beverages & Tobacco",,,,,,,,,,,,,,,,,,,,,,,,,,,,,,,,,,,
,,2025-11-09,KEY MATERIALS PTE. LTD.,KEY MATERIALS PTE. LTD.,,,,,,11-08-2023,202332229Z,46649,,,,,,,,,,,LOCAL COMPANY,Others,,Other Specialised Wholesale,,,,,,,,,,,,,,,,,,,,,,,,,,,,,,,,,,,
,,2025-11-09,UNIVERSAL MINERAL RESOURCES PTE. LTD.,UNIVERSAL MINERAL RESOURCES PTE. LTD.,,,,,,03-11-2021,202138292D,46620,,,,,https://universalminerals.com/,,,,,,LOCAL COMPANY,Others,,Other Specialised Wholesale,,,,,,,,,,,,,,,,,,,,,,,,,,,,,,,,,,,
,,2025-11-09,GLOWWIDE PTE. LTD.,GLOWWIDE PTE. LTD.,,,,,,06-02-2020,202004425M,46307,,,,,,,,,,,LOCAL COMPANY,Others,,"Food, Beverages & Tobacco",,,,,,,,,,,,,,,,,,,,,,,,,,,,,,,,,,,
,,2025-11-09,CAMINO VENTURES PTE. LTD.,CAMINO VENTURES PTE. LTD.,,,,,,12-07-2022,202224035K,46307,,,,,,,,,,,LOCAL COMPANY,Others,,"Food, Beverages & Tobacco",,,,,,,,,,,,,,,,,,,,,,,,,,,,,,,,,,,
,,2025-11-09,MARINE LEAGUE ENGINEERING AND TECHNOLOGY PTE. LTD.,MARINE LEAGUE ENGINEERING AND TECHNOLOGY PTE. LTD.,,,,,,12-07-2022,202224079E,46541,,,,,http://marineleague-sg.com/,,,,,,LOCAL COMPANY,Others,,"Machinery, Equipment & Supplies",,,,,,,,,,,,,,,,,,['sales@marineleague-sg.com'],,,,,,,,,,,,,,,,,
,,2025-11-09,DESCON ENGINEERING PTE. LTD.,DESCON ENGINEERING PTE. LTD.,,,,,,06-01-2016,201600182D,46551,,,,,,,,,,,LOCAL COMPANY,Others,,"Machinery, Equipment & Supplies",,,,,,,,,,,,,,,,,['+6567470209'],,,,,,,,,,,,,,,,,,
,,2025-11-09,NATURE REPUBLIC SINGAPORE CO. PTE. LTD.,NATURE REPUBLIC SINGAPORE CO. PTE. LTD.,,,,,,08-05-2018,201815654G,46641,,,,,,,,,,,LOCAL COMPANY,Others,,Other Specialised Wholesale,,,,,,,,,,,,,,,,,,,,,,,,,,,,,,,,,,,
,,2025-11-09,G-MOBILE IN PTE. LIMITED,G-MOBILE IN PTE. LIMITED,,,,,,02-07-2021,202123152W,46523,,,,,,,,,,,LOCAL COMPANY,Others,,"Machinery, Equipment & Supplies",,,,,,,,,,,,,,,,,,,,,,,,,,,,,,,,,,,
,,2025-11-09,MIMOO CRYSTAL & JEWELLERY,MIMOO CRYSTAL & JEWELLERY,,,,,,09-09-2024,53491436E,46421,,,,,,,,,,,SOLE PROPRIETORSHIP/ PARTNERSHIP,Others,,Household Goods,,,,,,,,,,,,,,,,,,,,,,,,,,,,,,,,,,,
,,2025-11-09,PEACEMIND SERVICES,PEACEMIND SERVICES,,,,,,09-05-2025,53503786D,46100,,,,,,,,,,,SOLE PROPRIETORSHIP/ PARTNERSHIP,Others,,Other Specialised Wholesale,,,,,,,,,,,,,,,,,,,,,,,,,,,,,,,,,,,
,,2025-11-09,ASHER AND DANIEL COMPANY PTE. LTD.,ASHER AND DANIEL COMPANY PTE. LTD.,,,,,,06-07-2017,201718938N,46306,,,,,,,,,,,LOCAL COMPANY,Others,,"Food, Beverages & Tobacco",,,,,,,,,,,,,,,,,,,,,,,,,,,,,,,,,,,
,,2025-11-09,KER FOOD SUPPLIES LLP,KER FOOD SUPPLIES LLP,,,,,,05-10-2023,T23LL1073J,46309,,,,,,,,,,,LIMITED LIABILITY PARTNERSHIP,Others,,"Food, Beverages & Tobacco",,,,,,,,,,,,,,,,,['+6597776114'],,,,,,,,,,,,,,,,,,
,,2025-11-09,BEAUTYPARF ENTERPRISE PTE. LTD.,BEAUTYPARF ENTERPRISE PTE. LTD.,,,,,,02-01-2015,201500214G,46424,,,,,https://beautyparf.com.sg,,['https://www.facebook.com/beautyparfenterprise/'],,,,LOCAL COMPANY,Others,,Household Goods,,,,,,,,,,,,,,,,,,['perfumeman@beautyparf.com'],,,,,,,,,,,,,,,,,
,,2025-11-09,CHIEFTEC MARINE SERVICES PTE. LTD.,CHIEFTEC MARINE SERVICES PTE. LTD.,,,,,,12-05-2023,202318621M,46551,,,,,,,,,,,LOCAL COMPANY,Others,,"Machinery, Equipment & Supplies",,,,,,,,,,,,,,,,,['+6567755565'],['sales@chieftecmarine.com'],,,,,,,,,,,,,,,,,
,,2025-11-09,DRINKS GLOBAL,DRINKS GLOBAL,,,,,,08-10-2024,53492878A,46307,,,,,,,,,,,SOLE PROPRIETORSHIP/ PARTNERSHIP,Others,,"Food, Beverages & Tobacco",,,,,,,,,,,,,,,,,,,,,,,,,,,,,,,,,,,
,,2025-11-09,NOVUM AVL PTE. LTD.,NOVUM AVL PTE. LTD.,,,,,,06-10-2017,201728664D,46436,,,,,,,,,,,LOCAL COMPANY,Others,,Household Goods,,,,,,,,,,,,,,,,,['+6563833253'],,,,,,,,,,,,,,,,,,
,,2025-11-09,YUAN GUANG FOODSTUFF SUPPLIER,YUAN GUANG FOODSTUFF SUPPLIER,,,,,,08-05-2018,53381430L,46309,,,,,,,,,,,SOLE PROPRIETORSHIP/ PARTNERSHIP,Others,,"Food, Beverages & Tobacco",,,,,,,,,,,,,,,,,,,,,,,,,,,,,,,,,,,
,,2025-11-09,PHILIP TAN IMPORT & EXPORT TRADING,PHILIP TAN IMPORT & EXPORT TRADING,,,,,,12-12-2017,53374739B,46631,,,,,,,,,,,SOLE PROPRIETORSHIP/ PARTNERSHIP,Others,,Other Specialised Wholesale,,,,,,,,,,,,,,,,,['+6567770023'],,,,,,,,,,,,,,,,,,
,,2025-11-09,ALF WELLNESS TECHNOLOGY,ALF WELLNESS TECHNOLOGY,,,,,,01-01-2025,53496295E,46306,,,,,,,,,,,SOLE PROPRIETORSHIP/ PARTNERSHIP,Others,,"Food, Beverages & Tobacco",,,,,,,,,,,,,,,,,,,,,,,,,,,,,,,,,,,
,,2025-11-09,KEMOCHEM PTE. LTD.,KEMOCHEM PTE. LTD.,,,,,,03-06-2019,201917750N,46649,,,,,,,,,,,LOCAL COMPANY,Others,,Other Specialised Wholesale,,,,,,,,,,,,,,,,,,,,,,,,,,,,,,,,,,,
,,2025-11-09,GSP INT'L,GSP INT'L,,,,,,05-03-2018,53378249W,46306,,,,,https://gspairport.com,,['https://www.facebook.com/greenvillespartanburgairport/'],['https://www.instagram.com/gspairport/'],['https://www.linkedin.com/company/greenville-spartanburg-international-airport/'],,SOLE PROPRIETORSHIP/ PARTNERSHIP,Others,,"Food, Beverages & Tobacco",,,,,,,,,,,,,,,,,,,,,,,,,,,,,,,,,,,
,,2025-11-09,K U MOBILE WORLD PTE. LTD.,K U MOBILE WORLD PTE. LTD.,,,,,,01-12-2021,202141756M,46523,,,,,,,,,,,LOCAL COMPANY,Others,,"Machinery, Equipment & Supplies",,,,,,,,,,,,,,,,,,,,,,,,,,,,,,,,,,,
,,2025-11-09,JIU HE CATERING PTE. LTD.,JIU HE CATERING PTE. LTD.,,,,,,01-02-2023,202303491M,46307,,,,,,,,,,,LOCAL COMPANY,Others,,"Food, Beverages & Tobacco",,,,,,,,,,,,,,,,,['+6586814752'],,,,,,,,,,,,,,,,,,
,,2025-11-09,EV TECHNOLOGY PTE. LTD.,EV TECHNOLOGY PTE. LTD.,,,,,,09-12-2021,202142660C,46561,,,,,https://www.evctechnology.com/,,['https://www.facebook.com/ev-charging-technology-pte-ltd-110809321237511'],['https://www.instagram.com/sgevct/'],,,LOCAL COMPANY,Others,,"Machinery, Equipment & Supplies",,,,,,,,,,,,,,,,,['+6565924827'],['info@evctechnology.com'],,,,,,,,,,,,,,,,,
,,2025-11-09,FORTUNE 9 GROUP PTE. LTD.,FORTUNE 9 GROUP PTE. LTD.,,,,,,12-02-2025,202506137N,46307,,,,,https://www.mycareersfuture.gov.sg/job/accounting/finance-executive-gastro-global-group-0f69e0309aa33790b7f5ef14b310d5d2,,,,,,LOCAL COMPANY,Others,,"Food, Beverages & Tobacco",,,,,,,,,,,,,,,,,,,,,,,,,,,,,,,,,,,
,,2025-11-09,ACC AEROSPACE,ACC AEROSPACE,,,,,,01-06-2023,53468346X,46552,,,,,https://ACCaviation.com,,['https://www.facebook.com/accaviation'],,['https://www.linkedin.com/company/acc-aviation-ltd/'],,SOLE PROPRIETORSHIP/ PARTNERSHIP,Others,,"Machinery, Equipment & Supplies",,,,,,,,,,,,,,,,,,,,,,,,,,,,,,,,,,,
,,2025-11-09,RL INNOVATIONS PRIVATE LIMITED,RL INNOVATIONS PRIVATE LIMITED,,,,,,04-03-2018,201807524H,46541,,,,,,,,,,,LOCAL COMPANY,Others,,"Machinery, Equipment & Supplies",,,,,,,,,,,,,,,,,,,,,,,,,,,,,,,,,,,
,,2025-11-09,MCSA SYSTEMS,MCSA SYSTEMS,,,,,,09-05-2025,53503775M,46100,,,,,,,,,,,SOLE PROPRIETORSHIP/ PARTNERSHIP,Others,,Other Specialised Wholesale,,,,,,,,,,,,,,,,,,,,,,,,,,,,,,,,,,,
,,2025-11-09,GENESIS SLEEP MATTRESS,GENESIS SLEEP MATTRESS,,,,,,12-06-2023,53468867E,46431,,,,,https://sg.tempur.com,,['https://www.facebook.com/tempursingapore'],['https://www.instagram.com/tempursg/'],,,SOLE PROPRIETORSHIP/ PARTNERSHIP,Others,,Household Goods,,,,,,,,,,,,,,,,,,,,,,,,,,,,,,,,,,,
,,2025-11-09,THEGREATCOMPANY LLP,THEGREATCOMPANY LLP,,,,,,07-04-2020,T20LL0444C,46441,,,,,https://thegreatcompany.co/,,,['https://www.instagram.com/thegreatcompany.co/'],,,LIMITED LIABILITY PARTNERSHIP,Others,,Household Goods,,,,,,,,,,,,,,,,,['+6587685788'],,,,,,,,,,,,,,,,,,
,,2025-11-09,NORTH SOAR INTERNATIONAL PTE. LTD.,NORTH SOAR INTERNATIONAL PTE. LTD.,,,,,,04-10-2022,202235200C,46309,,,,,,,,,,,LOCAL COMPANY,Others,,"Food, Beverages & Tobacco",,,,,,,,,,,,,,,,,,,,,,,,,,,,,,,,,,,
,,2025-11-09,RESOURCES FOR TECHNICAL SUPPLIES PTE. LTD.,RESOURCES FOR TECHNICAL SUPPLIES PTE. LTD.,,,,,,04-06-2020,202015446D,46620,,,,,,,,,,,LOCAL COMPANY,Others,,Other Specialised Wholesale,,,,,,,,,,,,,,,,,,,,,,,,,,,,,,,,,,,
,,2025-11-09,PREFUTURE TRADING PTE. LTD.,PREFUTURE TRADING PTE. LTD.,,,,,,03-05-2023,202317031C,46100,,,,,,,,,,,LOCAL COMPANY,Others,,Other Specialised Wholesale,,,,,,,,,,,,,,,,,,,,,,,,,,,,,,,,,,,
,,2025-11-09,OLAH FOOD & BEVERAGE PTE. LTD.,OLAH FOOD & BEVERAGE PTE. LTD.,,,,,,01-08-2023,202330523E,46309,,,,,,,,,,,LOCAL COMPANY,Others,,"Food, Beverages & Tobacco",,,,,,,,,,,,,,,,,,,,,,,,,,,,,,,,,,,
,,2025-11-09,RADIANT SUN ENTERPRISE PTE. LTD.,RADIANT SUN ENTERPRISE PTE. LTD.,,,,,,12-06-2024,202423604Z,46100,,,,,,,,,,,LOCAL COMPANY,Others,,Other Specialised Wholesale,,,,,,,,,,,,,,,,,,,,,,,,,,,,,,,,,,,
,,2025-11-09,NOSCHE'S PTE. LTD.,NOSCHE'S PTE. LTD.,,,,,,12-05-2025,202520432C,46309,,,,,,,,,,,LOCAL COMPANY,Others,,"Food, Beverages & Tobacco",,,,,,,,,,,,,,,,,,,,,,,,,,,,,,,,,,,
,,2025-11-09,HIGHLAND TECHNOLOGIES PTE. LTD.,HIGHLAND TECHNOLOGIES PTE. LTD.,,,,,,07-01-2019,201900794R,46592,,,,,https://www.highlandtechnology.com/,,,,,,LOCAL COMPANY,Others,,"Machinery, Equipment & Supplies",,,,,,,,,,,,,,,,,,,,,,,,,,,,,,,,,,,
,,2025-11-09,LANIBER LIGHTING,LANIBER LIGHTING,,,,,,03-01-2025,53496411K,46433,,,,,,,,,,,SOLE PROPRIETORSHIP/ PARTNERSHIP,Others,,Household Goods,,,,,,,,,,,,,,,,,,,,,,,,,,,,,,,,,,,
,,2025-11-09,MY-CHANNEL MARINE TECHNOLOGY SERVICE PTE. LTD.,MY-CHANNEL MARINE TECHNOLOGY SERVICE PTE. LTD.,,,,,,06-04-2022,202211909Z,46551,,,,,,,,,,,LOCAL COMPANY,Others,,"Machinery, Equipment & Supplies",,,,,,,,,,,,,,,,,,,,,,,,,,,,,,,,,,,
,,2025-11-09,SAFETY HERO ENTERPRISE,SAFETY HERO ENTERPRISE,,,,,,10-09-2024,53491476D,46595,,,,,,,,,,,SOLE PROPRIETORSHIP/ PARTNERSHIP,Others,,"Machinery, Equipment & Supplies",,,,,,,,,,,,,,,,,,,,,,,,,,,,,,,,,,,
,,2025-11-09,LEE PRODUCTS AND SERVICES (PTE. LIMITED),LEE PRODUCTS AND SERVICES (PTE. LIMITED),,,,,,07-08-2024,202432333E,46499,,,,,,,,,,,LOCAL COMPANY,Others,,Household Goods,,,,,,,,,,,,,,,,,,,,,,,,,,,,,,,,,,,
,,2025-11-09,YGF SUPPLY CHAIN INVESTMENT PTE. LTD.,YGF SUPPLY CHAIN INVESTMENT PTE. LTD.,,,,,,03-01-2024,202400575Z,46303,,,,,,,,,,,LOCAL COMPANY,Others,,"Food, Beverages & Tobacco",,,,,,,,,,,,,,,,,,,,,,,,,,,,,,,,,,,
,,2025-11-09,ETRON EV SOLUTIONS PTE. LTD.,ETRON EV SOLUTIONS PTE. LTD.,,,,,,05-05-2021,202115973E,46544,,,,,https://etron.sg/,,,,,,LOCAL COMPANY,Others,,"Machinery, Equipment & Supplies",,,,,,,,,,,,,,,,,,,,,,,,,,,,,,,,,,,
,,2025-11-09,HONG CHENG PTE. LTD.,HONG CHENG PTE. LTD.,,,,,,05-05-2021,202115957D,46592,,,,,,,,,,,LOCAL COMPANY,Others,,"Machinery, Equipment & Supplies",,,,,,,,,,,,,,,,,['+6564833211'],['sales@hongcheng.com.sg'],,,,,,,,,,,,,,,,,
,,2025-11-09,FRIDAY NIGHT FELLOWS PTE. LTD.,FRIDAY NIGHT FELLOWS PTE. LTD.,,,,,,10-11-2023,202344653C,46223,,,,,,,,,,,LOCAL COMPANY,Others,,Agricultural Raw Materials & Live Animals,,,,,,,,,,,,,,,,,,,,,,,,,,,,,,,,,,,
,,2025-11-09,GLAMCO AVIATION LEASING & SERVICES PTE. LTD.,GLAMCO AVIATION LEASING & SERVICES PTE. LTD.,,,,,,09-07-2025,202529720W,46552,,,,,,,,,,,LOCAL COMPANY,Others,,"Machinery, Equipment & Supplies",,,,,,,,,,,,,,,,,,,,,,,,,,,,,,,,,,,
,,2025-11-09,CAVER AUTOMATION PTE. LTD.,CAVER AUTOMATION PTE. LTD.,,,,,,09-01-2020,202001368M,46551,,,,,,,,,,,LOCAL COMPANY,Others,,"Machinery, Equipment & Supplies",,,,,,,,,,,,,,,,,,,,,,,,,,,,,,,,,,,
,,2025-11-09,YBM FRUITS,YBM FRUITS,,,,,,09-11-2024,53494371C,46301,,,,,,,,,,,SOLE PROPRIETORSHIP/ PARTNERSHIP,Others,,"Food, Beverages & Tobacco",,,,,,,,,,,,,,,,,,,,,,,,,,,,,,,,,,,
,,2025-11-09,AI49 INTERNATIONAL PTE. LTD.,AI49 INTERNATIONAL PTE. LTD.,,,,,,12-10-2023,202340787M,46512,,,,,https://www.ai49int.com/,,,,,,LOCAL COMPANY,Others,,"Machinery, Equipment & Supplies",,,,,,,,,,,,,,,,,,['enquiry@ai49int.com'],,,,,,,,,,,,,,,,,
,,2025-11-09,BYT MILLING PTE. LTD.,BYT MILLING PTE. LTD.,,,,,,04-09-2024,202436319K,46530,,,,,,,,,,,LOCAL COMPANY,Others,,"Machinery, Equipment & Supplies",,,,,,,,,,,,,,,,,,,,,,,,,,,,,,,,,,,
,,2025-11-09,SOLISHINE GLOBAL PTE. LTD.,SOLISHINE GLOBAL PTE. LTD.,,,,,,12-09-2023,202336703G,46522,,,,,,,,,,,LOCAL COMPANY,Others,,"Machinery, Equipment & Supplies",,,,,,,,,,,,,,,,,,,,,,,,,,,,,,,,,,,
,,2025-11-09,PT PERFORMANCE AUTO PTE. LTD.,PT PERFORMANCE AUTO PTE. LTD.,,,,,,03-04-2025,202514241C,46563,,,,,,,,,,,LOCAL COMPANY,Others,,"Machinery, Equipment & Supplies",,,,,,,,,,,,,,,,,,,,,,,,,,,,,,,,,,,
,,2025-11-09,CONNECT COMMUNICATION,CONNECT COMMUNICATION,,,,,,10-11-2020,53424041X,46100,,,,,https://www.connectcommunication.com/,,['https://www.facebook.com/candcsg/'],['https://www.instagram.com/connectandcommunicatellp/'],,,SOLE PROPRIETORSHIP/ PARTNERSHIP,Others,,Other Specialised Wholesale,,,,,,,,,,,,,,,,,,['information@connectcommunication.com'],,,,,,,,,,,,,,,,,
,,2025-11-09,THECALCO PTE. LTD.,THECALCO PTE. LTD.,,,,,,05-07-2022,202223363N,46594,,,,,,,,,,,LOCAL COMPANY,Others,,"Machinery, Equipment & Supplies",,,,,,,,,,,,,,,,,,,,,,,,,,,,,,,,,,,
,,2025-11-09,CYTECH SYSTEMS (SG) PTE. LTD.,CYTECH SYSTEMS (SG) PTE. LTD.,,,,,,03-11-2022,202239019H,46523,,,,,,,,,,,LOCAL COMPANY,Others,,"Machinery, Equipment & Supplies",,,,,,,,,,,,,,,,,,,,,,,,,,,,,,,,,,,
,,2025-11-09,PLATINUM CAR CONSIGN PTE. LTD.,PLATINUM CAR CONSIGN PTE. LTD.,,,,,,03-05-2019,201914293R,46100,,,,,,,"['https://www.facebook.com/platinumcarconsign/', 'https://www.facebook.com/sgcarmart']",['https://www.instagram.com/sgcarmart/'],,,LOCAL COMPANY,Others,,Other Specialised Wholesale,,,,,,,,,,,,,,,,,['+6596192666'],['platinumcarconsign@outlook.com'],,,,,,,,,,,,,,,,,
,,2025-11-09,AIRX AVIATION PTE. LTD.,AIRX AVIATION PTE. LTD.,,,,,,02-07-2024,202426675H,46552,,,,,,,['https://www.facebook.com/p/airx-aviation-100063553385923'],,['https://sg.linkedin.com/company/airx-aviation'],,LOCAL COMPANY,Others,,"Machinery, Equipment & Supplies",,,,,,,,,,,,,,,,,,,,,,,,,,,,,,,,,,,
,,2025-11-09,HCRJ INC PTE. LTD.,HCRJ INC PTE. LTD.,,,,,,02-03-2020,202007118W,46563,,,,,https://www.hcrj.com,,,,,,LOCAL COMPANY,Others,,"Machinery, Equipment & Supplies",,,,,,,,,,,,,,,,,,,,,,,,,,,,,,,,,,,
,,2025-11-09,XTECH TECHNOLOGIES PTE. LTD.,XTECH TECHNOLOGIES PTE. LTD.,,,,,,09-07-2019,201922099W,46511,,,,,,,,,,,LOCAL COMPANY,Others,,"Machinery, Equipment & Supplies",,,,,,,,,,,,,,,,,,,,,,,,,,,,,,,,,,,
,,2025-11-09,ECOFIT ENGINEERING SUPPLIES PTE. LTD.,ECOFIT ENGINEERING SUPPLIES PTE. LTD.,,,,,,01-04-2022,202211262W,46639,,,,,,,,,,,LOCAL COMPANY,Others,,Other Specialised Wholesale,,,,,,,,,,,,,,,,,['+6580893150'],,,,,,,,,,,,,,,,,,
,,2025-11-09,URON TECHNICAL SERVICE PTE. LTD.,URON TECHNICAL SERVICE PTE. LTD.,,,,,,10-06-2020,202016241R,46100,,,,,https://www.imc-shipmanagement.com,,,,,,LOCAL COMPANY,Others,,Other Specialised Wholesale,,,,,,,,,,,,,,,,,['+6563362233'],['enquiry@imc-shipmanagement.com'],,,,,,,,,,,,,,,,,
,,2025-11-09,SENLON MARINE SERVICE PTE. LTD.,SENLON MARINE SERVICE PTE. LTD.,,,,,,10-07-2023,202327055H,46551,,,,,,,,,,,LOCAL COMPANY,Others,,"Machinery, Equipment & Supplies",,,,,,,,,,,,,,,,,,,,,,,,,,,,,,,,,,,
,,2025-11-09,LAI SENG SELLING & WHOLESALE PTE. LTD.,LAI SENG SELLING & WHOLESALE PTE. LTD.,,,,,,04-08-2020,202022657E,46302,,,,,http://www.meshlxf.com/,,,,,,LOCAL COMPANY,Others,,"Food, Beverages & Tobacco",,,,,,,,,,,,,,,,,['+6562947781'],,,,,,,,,,,,,,,,,,
,,2025-11-09,2ACEHANDYMAN,2ACEHANDYMAN,,,,,,02-02-2025,53497565L,46435,,,,,,,,,,,SOLE PROPRIETORSHIP/ PARTNERSHIP,Others,,Household Goods,,,,,,,,,,,,,,,,,,,,,,,,,,,,,,,,,,,
,,2025-11-09,SHENQI INTERNATIONAL TRADING PTE. LTD.,SHENQI INTERNATIONAL TRADING PTE. LTD.,,,,,,06-05-2024,202417895C,46414,,,,,,,,,,,LOCAL COMPANY,Others,,Household Goods,,,,,,,,,,,,,,,,,,,,,,,,,,,,,,,,,,,
,,2025-11-09,METLEN PTE. LTD.,METLEN PTE. LTD.,,,,,,03-06-2021,202119546G,46643,,,,,https://www.metlengroup.com/,,,,,,LOCAL COMPANY,Others,,Other Specialised Wholesale,,,,,,,,,,,,,,,,,,,,,,,,,,,,,,,,,,,
,,2025-11-09,MAPLE ICT SOLUTIONS PRIVATE LIMITED,MAPLE ICT SOLUTIONS PRIVATE LIMITED,,,,,,05-05-2015,201511945M,46511,,,,,https://mapleict.com,,,,,,LOCAL COMPANY,Others,,"Machinery, Equipment & Supplies",,,,,,,,,,,,,,,,,,['info@mapleict.com'],,,,,,,,,,,,,,,,,
,,2025-11-09,TGLM TRADING PTE. LTD.,TGLM TRADING PTE. LTD.,,,,,,06-04-2022,202211806M,46631,,,,,,,,,,,LOCAL COMPANY,Others,,Other Specialised Wholesale,,,,,,,,,,,,,,,,,,,,,,,,,,,,,,,,,,,
,,2025-11-09,ASCENSION FESTIVAL,ASCENSION FESTIVAL,,,,,,06-05-2025,53503572A,46452,,,,,,,,,,,SOLE PROPRIETORSHIP/ PARTNERSHIP,Others,,Household Goods,,,,,,,,,,,,,,,,,,,,,,,,,,,,,,,,,,,
,,2025-11-09,UNITED SPIRITS & BEVERAGES PTE. LTD.,UNITED SPIRITS & BEVERAGES PTE. LTD.,,,,,,04-11-2024,202445248E,46307,,,,,,,,,,,LOCAL COMPANY,Others,,"Food, Beverages & Tobacco",,,,,,,,,,,,,,,,,,,,,,,,,,,,,,,,,,,
,,2025-11-09,LIFMED PTE. LTD.,LIFMED PTE. LTD.,,,,,,07-06-2024,202422945H,46461,,,,,,,,,,,LOCAL COMPANY,Others,,Pharmacies & Health Stores,,,,,,,,,,,,,,,,,,,,,,,,,,,,,,,,,,,
,,2025-11-09,FNA INDO CHINA PTE. LTD.,FNA INDO CHINA PTE. LTD.,,,,,,12-07-2019,201922640D,46304,,,,,https://fnagroup.com.sg,,,,,,LOCAL COMPANY,Others,,"Food, Beverages & Tobacco",,,,,,,,,,,,,,,,,['+6568581800'],['enquiries@fnagroup.com.sg'],,,,,,,,,,,,,,,,,
,,2025-11-09,OASIS BIO PTE. LTD.,OASIS BIO PTE. LTD.,,,,,,12-09-2023,202336781G,46461,,,,,https://111somerset.com.sg,,['https://www.facebook.com/111somersetsg'],['https://www.instagram.com/glassdoor'],,,LOCAL COMPANY,Others,,Pharmacies & Health Stores,,,,,,,,,,,,,,,,,['+6562193114'],,,,,,,,,,,,,,,,,,
,,2025-11-09,ARTCHITEX PTE. LTD.,ARTCHITEX PTE. LTD.,,,,,,01-03-2022,202207175H,46633,,,,,,,,,,,LOCAL COMPANY,Others,,Other Specialised Wholesale,,,,,,,,,,,,,,,,,,,,,,,,,,,,,,,,,,,
,,2025-11-09,MILMOUNT INTERNATIONAL PTE. LTD.,MILMOUNT INTERNATIONAL PTE. LTD.,,,,,,04-10-2019,201933420D,46302,,,,,,,,,,,LOCAL COMPANY,Others,,"Food, Beverages & Tobacco",,,,,,,,,,,,,,,,,,,,,,,,,,,,,,,,,,,
,,2025-11-09,AUTOMATION MART PTE. LTD.,AUTOMATION MART PTE. LTD.,,,,,,08-08-2017,201722335N,46522,,,,,https://automationmart.com.sg,,,,,,LOCAL COMPANY,Others,,"Machinery, Equipment & Supplies",,,,,,,,,,,,,,,,,['+6569098299'],,,,,,,,,,,,,,,,,,
,,2025-11-09,GRAND PEACE DEVELOPMENT PTE. LTD.,GRAND PEACE DEVELOPMENT PTE. LTD.,,,,,,09-06-2025,202524973C,46414,,,,,,,,,,,LOCAL COMPANY,Others,,Household Goods,,,,,,,,,,,,,,,,,,,,,,,,,,,,,,,,,,,
,,2025-11-09,SOUTHKEY INDUSTRIAL PTE. LTD.,SOUTHKEY INDUSTRIAL PTE. LTD.,,,,,,10-01-2024,202401536R,46472,,,,,,,,,,,LOCAL COMPANY,Others,,Household Goods,,,,,,,,,,,,,,,,,,,,,,,,,,,,,,,,,,,
,,2025-11-09,GOLDEN TIMBER PTE. LTD.,GOLDEN TIMBER PTE. LTD.,,,,,,03-07-2025,202528815W,46631,,,,,https://www.mycareersfuture.gov.sg/job/general-management/director-golden-timber-b9a844b1400b490c973679d180bec5a5,,,,,,LOCAL COMPANY,Others,,Other Specialised Wholesale,,,,,,,,,,,,,,,,,,,,,,,,,,,,,,,,,,,
,,2025-11-09,AVERY FRESH PTE. LTD.,AVERY FRESH PTE. LTD.,,,,,,06-07-2017,201718975M,46301,,,,,,,,,,,LOCAL COMPANY,Others,,"Food, Beverages & Tobacco",,,,,,,,,,,,,,,,,,,,,,,,,,,,,,,,,,,
,,2025-11-09,"MALT, GRAIN & CANE PTE. LTD.","MALT, GRAIN & CANE PTE. LTD.",,,,,,08-10-2020,202031682K,46307,,,,,,,,,,,LOCAL COMPANY,Others,,"Food, Beverages & Tobacco",,,,,,,,,,,,,,,,,,,,,,,,,,,,,,,,,,,
,,2025-11-09,GERONIK ASIA PTE. LTD.,GERONIK ASIA PTE. LTD.,,,,,,08-10-2020,202031729E,46592,,,,,https://www.mycareersfuture.gov.sg/job/repair-maintenance/calibration-engineer-geronik-asia-f79aca2f17ea2a9a3d6f96e659791e5a,,['https://www.facebook.com/geronik-asia-pte-ltd-104883268481686'],,,,LOCAL COMPANY,Others,,"Machinery, Equipment & Supplies",,,,,,,,,,,,,,,,,['+6569806866'],,,,,,,,,,,,,,,,,,
,,2025-11-09,VIBRANT TECHNOLOGY PTE. LTD.,VIBRANT TECHNOLOGY PTE. LTD.,,,,,,08-05-2019,201914859W,46592,,,,,,,,,,,LOCAL COMPANY,Others,,"Machinery, Equipment & Supplies",,,,,,,,,,,,,,,,,,,,,,,,,,,,,,,,,,,
,,2025-11-09,DAYCO SINGAPORE PRIVATE LIMITED,DAYCO SINGAPORE PRIVATE LIMITED,,,,,,03-07-2017,201718469K,46563,,,,,https://dayco.com,,['https://www.facebook.com/daycoofficial'],['https://www.instagram.com/dayconorthamerica/'],,,LOCAL COMPANY,Others,,"Machinery, Equipment & Supplies",,,,,,,,,,,,,,,,,['+6564836303'],,,,,,,,,,,,,,,,,,
,,2025-11-09,NYNE VENTURES PTE. LTD.,NYNE VENTURES PTE. LTD.,,,,,,11-06-2024,202423457G,46411,,,,,,,,,,,LOCAL COMPANY,Others,,Household Goods,,,,,,,,,,,,,,,,,,,,,,,,,,,,,,,,,,,
,,2025-11-09,DAIKI AXIS SINGAPORE PTE. LTD.,DAIKI AXIS SINGAPORE PTE. LTD.,,,,,,01-08-2016,201620813D,46541,,,,,,,,,,,LOCAL COMPANY,Others,,"Machinery, Equipment & Supplies",,,,,,,,,,,,,,,,,,,,,,,,,,,,,,,,,,,
,,2025-11-09,PEAK AUTOMOTIVE,PEAK AUTOMOTIVE,,,,,,10-12-2019,53406888W,46563,,,,,https://peakautomotiveltd.co.uk,,['https://www.facebook.com/peakautomotiveltd/'],,,,SOLE PROPRIETORSHIP/ PARTNERSHIP,Others,,"Machinery, Equipment & Supplies",,,,,,,,,,,,,,,,,,['Sales@peakautomotiveltd.co.uk'],,,,,,,,,,,,,,,,,
,,2025-11-09,FAIR OCEANIC TRADING PTE. LTD.,FAIR OCEANIC TRADING PTE. LTD.,,,,,,04-06-2024,202422459M,46551,,,,,,,,,,,LOCAL COMPANY,Others,,"Machinery, Equipment & Supplies",,,,,,,,,,,,,,,,,,,,,,,,,,,,,,,,,,,
,,2025-11-09,GOLDENS PALM RESOURCES PTE. LTD.,GOLDENS PALM RESOURCES PTE. LTD.,,,,,,03-08-2022,202227066H,46225,,,,,,,,,,,LOCAL COMPANY,Others,,Agricultural Raw Materials & Live Animals,,,,,,,,,,,,,,,,,,,,,,,,,,,,,,,,,,,
,,2025-11-09,TY ENTERPRISES PTE. LTD.,TY ENTERPRISES PTE. LTD.,,,,,,09-12-2020,202040073D,46223,,,,,,,,,,,LOCAL COMPANY,Others,,Agricultural Raw Materials & Live Animals,,,,,,,,,,,,,,,,,,,,,,,,,,,,,,,,,,,
,,2025-11-09,PRIVECO HOLDINGS PTE. LTD.,PRIVECO HOLDINGS PTE. LTD.,,,,,,12-04-2024,202464666G,46441,,,,,,,,,,,LOCAL COMPANY,Others,,Household Goods,,,,,,,,,,,,,,,,,,,,,,,,,,,,,,,,,,,
,,2025-11-09,TIOVARO SUPPLIES PTE. LTD.,TIOVARO SUPPLIES PTE. LTD.,,,,,,09-11-2023,202378887M,46472,,,,,,,,,,,LOCAL COMPANY,Others,,Household Goods,,,,,,,,,,,,,,,,,,,,,,,,,,,,,,,,,,,
,,2025-11-09,AYS PTE. LTD.,AYS PTE. LTD.,,,,,,10-12-2020,202040122D,46522,,,,,,,,,,,LOCAL COMPANY,Others,,"Machinery, Equipment & Supplies",,,,,,,,,,,,,,,,,,,,,,,,,,,,,,,,,,,
,,2025-11-09,VOLVO GROUP SINGAPORE (PTE.) LTD.,VOLVO GROUP SINGAPORE (PTE.) LTD.,,,,,,11-04-2018,201812279Z,46559,,,,,https://www.mycareersfuture.gov.sg/job/information-technology/digital-forensics-investigator-volvo-group-singapore-1b00ea64eeb7e072c398e18df041751b,,,,,,LOCAL COMPANY,Others,,"Machinery, Equipment & Supplies",,,,,,,,,,,,,,,,,['+6562213111'],,,,,,,,,,,,,,,,,,
,,2025-11-09,SINGTEQ AUTOMATION PTE. LTD.,SINGTEQ AUTOMATION PTE. LTD.,,,,,,03-02-2021,202104426G,46549,,,,,,,,,,,LOCAL COMPANY,Others,,"Machinery, Equipment & Supplies",,,,,,,,,,,,,,,,,,,,,,,,,,,,,,,,,,,
,,2025-11-09,HTL GLOBAL PTE. LTD.,HTL GLOBAL PTE. LTD.,,,,,,12-01-2024,202401971K,46431,,,,,,,,,,,LOCAL COMPANY,Others,,Household Goods,,,,,,,,,,,,,,,,,['+6569040933'],,,,,,,,,,,,,,,,,,
,,2025-11-09,ASIA AUTOMATION (SINGAPORE) PTE. LTD.,ASIA AUTOMATION (SINGAPORE) PTE. LTD.,,,,,,06-07-2021,202123489R,46522,,,,,,,,,,,LOCAL COMPANY,Others,,"Machinery, Equipment & Supplies",,,,,,,,,,,,,,,,,['+6560272348'],,,,,,,,,,,,,,,,,,
,,2025-11-09,DAHMEH PTE. LTD.,DAHMEH PTE. LTD.,,,,,,04-01-2018,201800582H,46306,,,,,,,,,,,LOCAL COMPANY,Others,,"Food, Beverages & Tobacco",,,,,,,,,,,,,,,,,,,,,,,,,,,,,,,,,,,
,,2025-11-09,WINNER STEP (SGP) PTE. LTD.,WINNER STEP (SGP) PTE. LTD.,,,,,,09-05-2024,202418625Z,46414,,,,,,,,,['https://sg.linkedin.com/in/jorene-yeo-55b9bb57'],,LOCAL COMPANY,Others,,Household Goods,,,,,,,,,,,,,,,,,,,,,,,,,,,,,,,,,,,
,,2025-11-09,TRIBEAUTE VISAGE PTE. LTD.,TRIBEAUTE VISAGE PTE. LTD.,,,,,,10-07-2024,202427948D,46424,,,,,https://tribeaute.com/,,,,['https://www.linkedin.com/company/89516558/'],,LOCAL COMPANY,Others,,Household Goods,,,,,,,,,,,,,,,,,,,,,,,,,,,,,,,,,,,
,,2025-11-09,MEDIDENTAL PTE. LTD.,MEDIDENTAL PTE. LTD.,,,,,,08-09-2025,202540054G,46592,,,,,,,,,,,LOCAL COMPANY,Others,,"Machinery, Equipment & Supplies",,,,,,,,,,,,,,,,,,,,,,,,,,,,,,,,,,,
,,2025-11-09,SAKE DOJO,SAKE DOJO,,,,,,02-12-2021,53443396X,46307,,,,,,,['https://www.facebook.com/sharer.php?u=https%3a%2f%2fsakeinternational.org%2fthe-largest-collection-of-sake-in-america-sake-dojo%2f'],"['https://www.instagram.com/sakedojo/', 'https://www.instagram.com/sakedojola/']",,,SOLE PROPRIETORSHIP/ PARTNERSHIP,Others,,"Food, Beverages & Tobacco",,,,,,,,,,,,,,,,,,,,,,,,,,,,,,,,,,,
,,2025-11-09,HEALTH & WELLNESS 7688 PTE. LTD.,HEALTH & WELLNESS 7688 PTE. LTD.,,,,,,06-08-2025,202518666E,46306,,,,,,,,,,,LOCAL COMPANY,Others,,"Food, Beverages & Tobacco",,,,,,,,,,,,,,,,,,,,,,,,,,,,,,,,,,,
,,2025-11-09,JARVIS INTERNATIONAL TRADE PTE. LTD.,JARVIS INTERNATIONAL TRADE PTE. LTD.,,,,,,09-12-2015,201542794G,46610,,,,,,,,,,,LOCAL COMPANY,Others,,Other Specialised Wholesale,,,,,,,,,,,,,,,,,,,,,,,,,,,,,,,,,,,
,,2025-11-09,XINZHONG LEISURE CULTURE PTE. LTD.,XINZHONG LEISURE CULTURE PTE. LTD.,,,,,,09-10-2024,202441388E,46100,,,,,,,,,,,LOCAL COMPANY,Others,,Other Specialised Wholesale,,,,,,,,,,,,,,,,,,,,,,,,,,,,,,,,,,,
,,2025-11-09,FLOWER AFFAIR SG,FLOWER AFFAIR SG,,,,,,08-06-2018,53382839B,46211,,,,,,,,,,,SOLE PROPRIETORSHIP/ PARTNERSHIP,Others,,Agricultural Raw Materials & Live Animals,,,,,,,,,,,,,,,,,,,,,,,,,,,,,,,,,,,
,,2025-11-09,NEW NANYANG TRADING PTE. LTD.,NEW NANYANG TRADING PTE. LTD.,,,,,,08-02-2017,201703420C,46631,,,,,,,,,,,LOCAL COMPANY,Others,,Other Specialised Wholesale,,,,,,,,,,,,,,,,,,,,,,,,,,,,,,,,,,,
,,2025-11-09,SHENFIRE,SHENFIRE,,,,,,08-02-2023,53462654L,46563,,,,,,,,,,,SOLE PROPRIETORSHIP/ PARTNERSHIP,Others,,"Machinery, Equipment & Supplies",,,,,,,,,,,,,,,,,,,,,,,,,,,,,,,,,,,
,,2025-11-09,QURAIS PTE. LTD.,QURAIS PTE. LTD.,,,,,,01-10-2024,202440132K,46643,,,,,https://qurais.com/,,,,,,LOCAL COMPANY,Others,,Other Specialised Wholesale,,,,,,,,,,,,,,,,,,,,,,,,,,,,,,,,,,,
,,2025-11-09,GENERIS HOLDINGS PTE. LTD.,GENERIS HOLDINGS PTE. LTD.,,,,,,01-10-2024,202440128D,46307,,,,,,,,,,,LOCAL COMPANY,Others,,"Food, Beverages & Tobacco",,,,,,,,,,,,,,,,,,,,,,,,,,,,,,,,,,,
,,2025-11-09,BETMAY PTE. LTD.,BETMAY PTE. LTD.,,,,,,08-04-2024,202413710E,46511,,,,,https://betmaysg.com/,,,,,,LOCAL COMPANY,Others,,"Machinery, Equipment & Supplies",,,,,,,,,,,,,,,,,,,,,,,,,,,,,,,,,,,
,,2025-11-09,ANGKORSTONE PTE. LTD.,ANGKORSTONE PTE. LTD.,,,,,,03-12-2024,202449612E,46633,,,,,,,,,,,LOCAL COMPANY,Others,,Other Specialised Wholesale,,,,,,,,,,,,,,,,,,,,,,,,,,,,,,,,,,,
,,2025-11-09,YOUNGER OPTICS SINGAPORE PTE. LTD.,YOUNGER OPTICS SINGAPORE PTE. LTD.,,,,,,01-11-2017,201731402Z,46491,,,,,,,,,,,LOCAL COMPANY,Others,,Household Goods,,,,,,,,,,,,,,,,,,,,,,,,,,,,,,,,,,,
,,2025-11-09,CK INTERCONNECT PTE. LTD.,CK INTERCONNECT PTE. LTD.,,,,,,06-03-2025,202509908M,46522,,,,,,,,,['https://sg.linkedin.com/in/ckconnect'],,LOCAL COMPANY,Others,,"Machinery, Equipment & Supplies",,,,,,,,,,,,,,,,,,,,,,,,,,,,,,,,,,,
,,2025-11-09,LA CARA ESTETICA PTE. LTD.,LA CARA ESTETICA PTE. LTD.,,,,,,04-11-2018,201837612D,46100,,,,,,,['https://www.facebook.com/lacaraestetica/'],['https://www.instagram.com/lacaraestetica/'],,,LOCAL COMPANY,Others,,Other Specialised Wholesale,,,,,,,,,,,,,,,,,['+6581291953'],['lacaraestetica@gmail.com'],,,,,,,,,,,,,,,,,
,,2025-11-09,KARBON EXOTICS,KARBON EXOTICS,,,,,,06-03-2018,53378331C,46563,,,,,,,,,,,SOLE PROPRIETORSHIP/ PARTNERSHIP,Others,,"Machinery, Equipment & Supplies",,,,,,,,,,,,,,,,,,,,,,,,,,,,,,,,,,,
,,2025-11-09,DUDUBUTSU LLP,DUDUBUTSU LLP,,,,,,09-08-2019,T19LL1122F,46452,,,,,,,,,,,LIMITED LIABILITY PARTNERSHIP,Others,,Household Goods,,,,,,,,,,,,,,,,,,,,,,,,,,,,,,,,,,,
,,2025-11-09,SINCO SPECIALTY METALS PTE. LTD.,SINCO SPECIALTY METALS PTE. LTD.,,,,,,10-05-2024,202418762M,46620,,,,,,,,,,,LOCAL COMPANY,Others,,Other Specialised Wholesale,,,,,,,,,,,,,,,,,,,,,,,,,,,,,,,,,,,
,,2025-11-09,OUYA CERAMICS PTE. LTD.,OUYA CERAMICS PTE. LTD.,,,,,,08-07-2020,202019446H,46633,,,,,http://www.ouyaceramics.com/,,,,,,LOCAL COMPANY,Others,,Other Specialised Wholesale,,,,,,,,,,,,,,,,,,['sales@ouyaceramics.com'],,,,,,,,,,,,,,,,,
,,2025-11-09,CSOAR TRADING PTE. LTD.,CSOAR TRADING PTE. LTD.,,,,,,12-04-2024,202414406K,46302,,,,,,,,,,,LOCAL COMPANY,Others,,"Food, Beverages & Tobacco",,,,,,,,,,,,,,,,,,,,,,,,,,,,,,,,,,,
,,2025-11-09,MONSOON UMBRELLA PTE. LTD.,MONSOON UMBRELLA PTE. LTD.,,,,,,10-02-2023,202304950Z,46429,,,,,,,,,,,LOCAL COMPANY,Others,,Household Goods,,,,,,,,,,,,,,,,,,,,,,,,,,,,,,,,,,,
,,2025-11-09,FULCRUM FOODS PTE. LTD.,FULCRUM FOODS PTE. LTD.,,,,,,11-05-2021,202116824N,46303,,,,,,,,,,,LOCAL COMPANY,Others,,"Food, Beverages & Tobacco",,,,,,,,,,,,,,,,,,,,,,,,,,,,,,,,,,,
,,2025-11-09,CH INDUSTRY PTE. LTD.,CH INDUSTRY PTE. LTD.,,,,,,01-04-2020,202010349Z,46620,,,,,,,,,,,LOCAL COMPANY,Others,,Other Specialised Wholesale,,,,,,,,,,,,,,,,,['+6562846565'],,,,,,,,,,,,,,,,,,
,,2025-11-09,LENS HOME SINGAPORE PTE. LTD.,LENS HOME SINGAPORE PTE. LTD.,,,,,,04-09-2024,202436354G,46439,,,,,,,,,,,LOCAL COMPANY,Others,,Household Goods,,,,,,,,,,,,,,,,,,,,,,,,,,,,,,,,,,,
,,2025-11-09,AP PARTNERS ADVISORY PTE. LTD.,AP PARTNERS ADVISORY PTE. LTD.,,,,,,12-07-2025,202530256Z,46100,,,,,,,,,,,LOCAL COMPANY,Others,,Other Specialised Wholesale,,,,,,,,,,,,,,,,,,,,,,,,,,,,,,,,,,,
,,2025-11-09,KAMI BEAUTY PTE. LTD.,KAMI BEAUTY PTE. LTD.,,,,,,06-10-2022,202235518E,46424,,,,,,,,,,,LOCAL COMPANY,Others,,Household Goods,,,,,,,,,,,,,,,,,,,,,,,,,,,,,,,,,,,
,,2025-11-09,SINCOTTE PTE. LTD.,SINCOTTE PTE. LTD.,,,,,,05-04-2019,201911154M,46649,,,,,,,,,,,LOCAL COMPANY,Others,,Other Specialised Wholesale,,,,,,,,,,,,,,,,,,,,,,,,,,,,,,,,,,,
,,2025-11-09,CRAFT AXIS PTE. LTD.,CRAFT AXIS PTE. LTD.,,,,,,12-01-2015,201501265W,46432,,,,,https://craftaxis.com.sg,,['https://www.facebook.com/craftaxissg'],['https://www.instagram.com/craftaxissg/'],,,LOCAL COMPANY,Others,,Household Goods,,,,,,,,,,,,,,,,,['+6588522870'],,,,,,,,,,,,,,,,,,
,,2025-11-09,QHIU TECHNOLOGY PTE. LTD.,QHIU TECHNOLOGY PTE. LTD.,,,,,,06-06-2024,202422769H,46522,,,,,,,,,,,LOCAL COMPANY,Others,,"Machinery, Equipment & Supplies",,,,,,,,,,,,,,,,,,,,,,,,,,,,,,,,,,,
,,2025-11-09,FOR THE LOVE OF WINE,FOR THE LOVE OF WINE,,,,,,05-01-2024,53478965W,46307,,,,,,,['https://www.facebook.com/ftlow.co.uk/'],['https://www.instagram.com/loveofwine/?hl=en'],['https://uk.linkedin.com/in/robert-steel-3a3a1132'],,SOLE PROPRIETORSHIP/ PARTNERSHIP,Others,,"Food, Beverages & Tobacco",,,,,,,,,,,,,,,,,,['fortheloveofwine2019@gmail.com'],,,,,,,,,,,,,,,,,
,,2025-11-09,PERFORMANCE LABS PTE. LTD.,PERFORMANCE LABS PTE. LTD.,,,,,,12-01-2015,201501264G,46306,,,,,https://performancelabs.sg,,,,,,LOCAL COMPANY,Others,,"Food, Beverages & Tobacco",,,,,,,,,,,,,,,,,['+6565139228'],,,,,,,,,,,,,,,,,,
,,2025-11-09,TTIG PTE. LTD.,TTIG PTE. LTD.,,,,,,07-06-2022,202219772N,46412,,,,,,,,,,,LOCAL COMPANY,Others,,Household Goods,,,,,,,,,,,,,,,,,,,,,,,,,,,,,,,,,,,
,,2025-11-09,EASTPOINT CHEM PTE. LTD.,EASTPOINT CHEM PTE. LTD.,,,,,,12-07-2022,202224016R,46649,,,,,https://eastpoint.com.sg/,,,,,,LOCAL COMPANY,Others,,Other Specialised Wholesale,,,,,,,,,,,,,,,,,['+6598168498'],,,,,,,,,,,,,,,,,,
,,2025-11-09,RHODON PERFORMANCE MATERIALS PTE. LTD.,RHODON PERFORMANCE MATERIALS PTE. LTD.,,,,,,03-07-2023,202325891Z,46411,,,,,,,,,,,LOCAL COMPANY,Others,,Household Goods,,,,,,,,,,,,,,,,,,,,,,,,,,,,,,,,,,,
,,2025-11-09,WEALFONS TRADING PTE. LTD.,WEALFONS TRADING PTE. LTD.,,,,,,09-05-2023,202317846E,46414,,,,,,,,,,,LOCAL COMPANY,Others,,Household Goods,,,,,,,,,,,,,,,,,,,,,,,,,,,,,,,,,,,
,,2025-11-09,EFZIN SHIP CHANDLER PTE. LTD.,EFZIN SHIP CHANDLER PTE. LTD.,,,,,,08-01-2021,202101124M,46661,,,,,,,,,,,LOCAL COMPANY,Others,,Other Specialised Wholesale,,,,,,,,,,,,,,,,,['+6596338561'],,,,,,,,,,,,,,,,,,
,,2025-11-09,TERRA TEA LLP,TERRA TEA LLP,,,,,,11-07-2025,T25LL0771F,46309,,,,,,,,,,,LIMITED LIABILITY PARTNERSHIP,Others,,"Food, Beverages & Tobacco",,,,,,,,,,,,,,,,,,,,,,,,,,,,,,,,,,,
,,2025-11-09,AIMEE'S GROCERIES,AIMEE'S GROCERIES,,,,,,12-02-2025,53498115A,46301,,,,,,,,,,,SOLE PROPRIETORSHIP/ PARTNERSHIP,Others,,"Food, Beverages & Tobacco",,,,,,,,,,,,,,,,,,,,,,,,,,,,,,,,,,,
,,2025-11-09,INTERTECH FAR EAST PTE. LTD.,INTERTECH FAR EAST PTE. LTD.,,,,,,02-05-2017,201712029D,46551,,,,,https://intertech-hardware.com/,,,,,,LOCAL COMPANY,Others,,"Machinery, Equipment & Supplies",,,,,,,,,,,,,,,,,,,,,,,,,,,,,,,,,,,
,,2025-11-09,KANHA STEEL PTE. LTD.,KANHA STEEL PTE. LTD.,,,,,,12-12-2024,202450164H,46620,,,,,,,,,,,LOCAL COMPANY,Others,,Other Specialised Wholesale,,,,,,,,,,,,,,,,,,,,,,,,,,,,,,,,,,,
,,2025-11-09,MFD APPLIANCES PTE. LTD.,MFD APPLIANCES PTE. LTD.,,,,,,09-08-2025,202534946N,46435,,,,,,,,,,,LOCAL COMPANY,Others,,Household Goods,,,,,,,,,,,,,,,,,,,,,,,,,,,,,,,,,,,
,,2025-11-09,APOGEE COFFEE PTE. LTD.,APOGEE COFFEE PTE. LTD.,,,,,,12-01-2025,202501665C,46223,,,,,,,,,,,LOCAL COMPANY,Others,,Agricultural Raw Materials & Live Animals,,,,,,,,,,,,,,,,,['+6591850529'],,,,,,,,,,,,,,,,,,
,,2025-11-09,AURUM FURNITURE PTE. LTD.,AURUM FURNITURE PTE. LTD.,,,,,,01-12-2023,202347402G,46431,,,,,,,,,,,LOCAL COMPANY,Others,,Household Goods,,,,,,,,,,,,,,,,,,,,,,,,,,,,,,,,,,,
,,2025-11-09,ELEVARE PTE. LTD.,ELEVARE PTE. LTD.,,,,,,11-05-2023,202318375R,46303,,,,,https://elevare.com.sg/,,,['https://instagram.com/stirupflavour'],,,LOCAL COMPANY,Others,,"Food, Beverages & Tobacco",,,,,,,,,,,,,,,,,['+6580815245'],['Sales@elevare.com.sg'],,,,,,,,,,,,,,,,,
,,2025-11-09,GILY PTE. LTD.,GILY PTE. LTD.,,,,,,02-12-2024,202449408H,46412,,,,,https://www.gilyfashion.com.sg,,,,,,LOCAL COMPANY,Others,,Household Goods,,,,,,,,,,,,,,,,,['+6567484155'],['enquiry@gilyfashion.com.sg'],,,,,,,,,,,,,,,,,
,,2025-11-09,AI WELLNESS PTE. LTD.,AI WELLNESS PTE. LTD.,,,,,,08-12-2022,202243688N,46499,,,,,,,['https://m.facebook.com/profile.php'],,,,LOCAL COMPANY,Others,,Household Goods,,,,,,,,,,,,,,,,,['+6593372012'],,,,,,,,,,,,,,,,,,
,,2025-11-09,INSTANTFORCE PTE. LTD.,INSTANTFORCE PTE. LTD.,,,,,,09-01-2024,202401375G,46512,,,,,,,,,,,LOCAL COMPANY,Others,,"Machinery, Equipment & Supplies",,,,,,,,,,,,,,,,,['+6580113218'],['instantforce.official@gmail.com'],,,,,,,,,,,,,,,,,
,,2025-11-09,US NEEDLING TEXTILES TRADE PTE. LTD.,US NEEDLING TEXTILES TRADE PTE. LTD.,,,,,,10-12-2018,201841356N,46412,,,,,http://www.urmpl.com/,,,,['https://tr.linkedin.com/company/urmpl'],,LOCAL COMPANY,Others,,Household Goods,,,,,,,,,,,,,,,,,['+6563231721'],,,,,,,,,,,,,,,,,,
,,2025-11-09,3L PTE. LTD.,3L PTE. LTD.,,,,,,08-05-2019,201914791G,46514,,,,,https://www.3lrealtors.com/,,,,,,LOCAL COMPANY,Others,,"Machinery, Equipment & Supplies",,,,,,,,,,,,,,,,,['+6563520116'],,,,,,,,,,,,,,,,,,
,,2025-11-09,NAVFORCE MARINE PTE. LTD.,NAVFORCE MARINE PTE. LTD.,,,,,,07-08-2014,201423027E,46551,,,,,https://www.navforcemarine.com/,,,,,,LOCAL COMPANY,Others,,"Machinery, Equipment & Supplies",,,,,,,,,,,,,,,,,['+6590937717'],['navforce@navforcemarine.com'],,,,,,,,,,,,,,,,,
,,2025-11-09,PAN-CO HARDWARE & ENGINEERING (PTE) LTD,PAN-CO HARDWARE & ENGINEERING (PTE) LTD,,,,,,24-03-1975,197500463W,46661,,,,,https://pancoship.com,,,,['https://sg.linkedin.com/in/lawrence-lim-5a1963141'],,LOCAL COMPANY,Others,,Other Specialised Wholesale,,,,,,,,,,,,,,,,,['+6568482288'],,,,,,,,,,,,,,,,,,
,,2025-11-09,THE CUCKOO COLLECTION PTE. LTD.,THE CUCKOO COLLECTION PTE. LTD.,,,,,,10-02-2014,201403650W,46413,,,,,https://cuckoo.sg,,"['https://www.facebook.com/cuckookidstore', 'https://www.facebook.com/cuckoosgofficial']","['https://www.instagram.com/cuckoolittlelifestyle', 'https://www.instagram.com/cuckoosgofficial/']",['https://www.linkedin.com/company/cuckoosgofficial/'],,LOCAL COMPANY,Others,,Household Goods,,,,,,,,,,,,,,,,,['+6562480888'],,,,,,,,,,,,,,,,,,
,,2025-11-09,SNG APPAREL PTE. LTD.,SNG APPAREL PTE. LTD.,,,,,,21-06-2024,202424936Z,46411,,,,,,,,,,,LOCAL COMPANY,Others,,Household Goods,,,,,,,,,,,,,,,,,,,,,,,,,,,,,,,,,,,
,,2025-11-09,HOCK HOE HIN PTE LTD,HOCK HOE HIN PTE LTD,,,,,,16-05-1998,199802378E,46301,,,,,https://efreshfruit.com,,['https://www.facebook.com/efreshfruit.hhh/'],,,,LOCAL COMPANY,Others,,"Food, Beverages & Tobacco",,,,,,,,,,,,,,,,,['+6567780986'],['efreshfruit@gmail.com'],,,,,,,,,,,,,,,,,
,,2025-11-09,SEMPERIT INDUSTRIAL PRODUCTS SINGAPORE PRIVATE LIMITED,SEMPERIT INDUSTRIAL PRODUCTS SINGAPORE PRIVATE LIMITED,,,,,,23-01-2003,200300731Z,46541,,,,,https://semperitgroup.com,,,,,,LOCAL COMPANY,Others,,"Machinery, Equipment & Supplies",,,,,,,,,,,,,,,,,['+6562754690'],,,,,,,,,,,,,,,,,,
,,2025-11-09,SHENG HAO GI WHOLESALES,SHENG HAO GI WHOLESALES,,,,,,05-02-2003,52987180K,46301,,,,,,,,,,,SOLE PROPRIETORSHIP/ PARTNERSHIP,Others,,"Food, Beverages & Tobacco",,,,,,,,,,,,,,,,,['+6567886729'],,,,,,,,,,,,,,,,,,
,,2025-11-09,XINSHA INTERNATIONAL PTE. LTD.,XINSHA INTERNATIONAL PTE. LTD.,,,,,,06-05-2006,200606581D,46620,,,,,,,,,,,LOCAL COMPANY,Others,,Other Specialised Wholesale,,,,,,,,,,,,,,,,,,,,,,,,,,,,,,,,,,,
,,2025-11-09,MHU ENERGY PTE. LTD.,MHU ENERGY PTE. LTD.,,,,,,28-05-2025,202523382Z,46599,,,,,,,,,,,LOCAL COMPANY,Others,,"Machinery, Equipment & Supplies",,,,,,,,,,,,,,,,,,,,,,,,,,,,,,,,,,,
,,2025-11-09,MITCHELL ELLIOTT (FAR EAST) PTE LTD,MITCHELL ELLIOTT (FAR EAST) PTE LTD,,,,,,03-02-1968,196800013C,46100,,,,,https://www.mitchellelliott.com/,,,,,,LOCAL COMPANY,Others,,Other Specialised Wholesale,,,,,,,,,,,,,,,,,['+6562871234'],,,,,,,,,,,,,,,,,,
,,2025-11-09,MIRAGE MOTOR PTE. LTD.,MIRAGE MOTOR PTE. LTD.,,,,,,17-08-2006,200611962D,46561,,,,,https://miragemw.sg,,['https://www.facebook.com/teammirage'],['https://www.instagram.com/miragemotorwerkz/'],,,LOCAL COMPANY,Others,,"Machinery, Equipment & Supplies",,,,,,,,,,,,,,,,,['+6590059279'],['admins@miragemw.sg'],,,,,,,,,,,,,,,,,
,,2025-11-09,CWH SERVICES PTE. LTD.,CWH SERVICES PTE. LTD.,,,,,,20-04-2007,200706766E,46100,,,,,,,,,,,LOCAL COMPANY,Others,,Other Specialised Wholesale,,,,,,,,,,,,,,,,,,,,,,,,,,,,,,,,,,,
,,2025-11-09,NANXU MINING TECHNOLOGY PTE. LTD.,NANXU MINING TECHNOLOGY PTE. LTD.,,,,,,11-11-2024,202446200D,46620,,,,,,,,,,,LOCAL COMPANY,Others,,Other Specialised Wholesale,,,,,,,,,,,,,,,,,,,,,,,,,,,,,,,,,,,
,,2025-11-09,FLEX COMMODITIES PTE. LTD.,FLEX COMMODITIES PTE. LTD.,,,,,,10-02-2025,202505631E,46610,,,,,,,,,,,LOCAL COMPANY,Others,,Other Specialised Wholesale,,,,,,,,,,,,,,,,,,,,,,,,,,,,,,,,,,,
,,2025-11-09,CERVAC TECHNOLOGIES,CERVAC TECHNOLOGIES,,,,,,30-11-2009,53156789C,46100,,,,,,,['https://www.facebook.com/p/cervac-technologies-100072264022113/'],,,,SOLE PROPRIETORSHIP/ PARTNERSHIP,Others,,Other Specialised Wholesale,,,,,,,,,,,,,,,,,,,,,,,,,,,,,,,,,,,
,,2025-11-09,RAYHOO MOTOR DIES SINGAPORE PTE. LTD.,RAYHOO MOTOR DIES SINGAPORE PTE. LTD.,,,,,,01-08-2024,202431247K,46563,,,,,,,,,,,LOCAL COMPANY,Others,,"Machinery, Equipment & Supplies",,,,,,,,,,,,,,,,,,,,,,,,,,,,,,,,,,,
,,2025-11-09,LE ON ELECTRONICS PRIVATE LIMITED,LE ON ELECTRONICS PRIVATE LIMITED,,,,,,15-03-2021,202109035M,46551,,,,,https://leonelectronics.sg/,,,,,,LOCAL COMPANY,Others,,"Machinery, Equipment & Supplies",,,,,,,,,,,,,,,,,['+6588768846'],['sales@leonelectronics.sg'],,,,,,,,,,,,,,,,,
,,2025-11-09,PRIMEASURE TECHNOLOGIES PTE. LTD.,PRIMEASURE TECHNOLOGIES PTE. LTD.,,,,,,19-10-2016,201628772E,46522,,,,,https://primeasure.com/,,,,,,LOCAL COMPANY,Others,,"Machinery, Equipment & Supplies",,,,,,,,,,,,,,,,,,,,,,,,,,,,,,,,,,,
,,2025-11-09,GLOBAL FACILITY PTE. LTD.,GLOBAL FACILITY PTE. LTD.,,,,,,18-05-2024,202420062W,46100,,,,,,,,,,,LOCAL COMPANY,Others,,Other Specialised Wholesale,,,,,,,,,,,,,,,,,['+6590738070'],['sales@globalfacility.sg'],,,,,,,,,,,,,,,,,
,,2025-11-09,TECHNICAL MEDIA SERVICES PTE. LTD.,TECHNICAL MEDIA SERVICES PTE. LTD.,,,,,,25-05-2005,200507156N,46436,,,,,,,,,,,LOCAL COMPANY,Others,,Household Goods,,,,,,,,,,,,,,,,,['+6564760315'],,,,,,,,,,,,,,,,,,
,,2025-11-09,POTEN & PARTNERS PTE. LTD.,POTEN & PARTNERS PTE. LTD.,,,,,,06-04-1996,199602402W,46610,,,,,https://www.mycareersfuture.gov.sg/job/consulting/lpg-analyst-poten-partners-423160c35af295c2403a0cad340db2f0,,,,,,LOCAL COMPANY,Others,,Other Specialised Wholesale,,,,,,,,,,,,,,,,,['+6564319050'],,,,,,,,,,,,,,,,,,
,,2025-11-09,SWISSPRO PTE. LTD.,SWISSPRO PTE. LTD.,,,,,,23-12-2004,200416556K,46435,,,,,https://swisspro.sg,,['https://www.facebook.com/swissprosg'],['https://www.instagram.com/swissprosg/'],['https://sg.linkedin.com/company/swisspro-pte-ltd'],,LOCAL COMPANY,Others,,Household Goods,,,,,,,,,,,,,,,,,['+6562761005'],['info@swisspro.sg'],,,,,,,,,,,,,,,,,
,,2025-11-09,JL SUPPLIES AND SERVICES PROVIDER,JL SUPPLIES AND SERVICES PROVIDER,,,,,,25-11-2015,53323378W,46441,,,,,https://jlbuilding.com.sg/,,,,,,SOLE PROPRIETORSHIP/ PARTNERSHIP,Others,,Household Goods,,,,,,,,,,,,,,,,,,,,,,,,,,,,,,,,,,,
,,2025-11-09,MEETH ASIAPACIFIC PTE. LTD.,MEETH ASIAPACIFIC PTE. LTD.,,,,,,24-10-2019,201935834K,46424,,,,,https://meeth-apac.com.sg,,['https://www.facebook.com/meethglobal/'],['https://www.instagram.com/meethglobal/'],,,LOCAL COMPANY,Others,,Household Goods,,,,,,,,,,,,,,,,,['+6569103456'],['contact@meeth-apac.com.sg'],,,,,,,,,,,,,,,,,
,,2025-11-09,SAINTS FOOD PTE. LTD.,SAINTS FOOD PTE. LTD.,,,,,,01-07-2019,201921077N,46304,,,,,https://www.sts-seafooddirect.com/,,['https://www.facebook.com/people/sts-seafood-direct-pte-ltd/61557960541571'],,,,LOCAL COMPANY,Others,,"Food, Beverages & Tobacco",,,,,,,,,,,,,,,,,['+6569085136'],,,,,,,,,,,,,,,,,,
,,2025-11-09,TELEORIENT & COMPANY,TELEORIENT & COMPANY,,,,,,14-08-1981,28347100W,46632,,,,,,,,,,,SOLE PROPRIETORSHIP/ PARTNERSHIP,Others,,Other Specialised Wholesale,,,,,,,,,,,,,,,,,,,,,,,,,,,,,,,,,,,
,,2025-11-09,FLOWMIX PTE. LTD.,FLOWMIX PTE. LTD.,,,,,,27-03-2025,202513430K,46541,,,,,https://flowmix.co.uk/,,,['https://www.instagram.com/flowmix_ltd_/'],,,LOCAL COMPANY,Others,,"Machinery, Equipment & Supplies",,,,,,,,,,,,,,,,,,,,,,,,,,,,,,,,,,,
,,2025-11-09,INTEX AFRICA PTE. LTD.,INTEX AFRICA PTE. LTD.,,,,,,14-04-2023,202314280N,46411,,,,,,,,,,,LOCAL COMPANY,Others,,Household Goods,,,,,,,,,,,,,,,,,,,,,,,,,,,,,,,,,,,
,,2025-11-09,XING YUAN TRADING,XING YUAN TRADING,,,,,,02-06-2003,52995403J,46304,,,,,,,,,,,SOLE PROPRIETORSHIP/ PARTNERSHIP,Others,,"Food, Beverages & Tobacco",,,,,,,,,,,,,,,,,,,,,,,,,,,,,,,,,,,
,,2025-11-09,LIAN SENG WEIGHING SCALE CO,LIAN SENG WEIGHING SCALE CO,,,,,,03-01-1977,22395400D,46599,,,,,,,,,,,SOLE PROPRIETORSHIP/ PARTNERSHIP,Others,,"Machinery, Equipment & Supplies",,,,,,,,,,,,,,,,,,,,,,,,,,,,,,,,,,,
,,2025-11-09,XUN HARDWARE LLP,XUN HARDWARE LLP,,,,,,11-12-2012,T12LL2118K,46551,,,,,,,,,,,LIMITED LIABILITY PARTNERSHIP,Others,,"Machinery, Equipment & Supplies",,,,,,,,,,,,,,,,,['+6582107162'],,,,,,,,,,,,,,,,,,
,,2025-11-09,VIP WORLDWIDE,VIP WORLDWIDE,,,,,,17-05-2005,53044787L,46411,,,,,,,['https://www.facebook.com/vipworldwidetv/'],,,,SOLE PROPRIETORSHIP/ PARTNERSHIP,Others,,Household Goods,,,,,,,,,,,,,,,,,,,,,,,,,,,,,,,,,,,
,,2025-11-09,TENGRI COAL AND ENERGY PTE. LIMITED,TENGRI COAL AND ENERGY PTE. LIMITED,,,,,,16-03-2011,201106420H,46620,,,,,,,,,,,LOCAL COMPANY,Others,,Other Specialised Wholesale,,,,,,,,,,,,,,,,,,,,,,,,,,,,,,,,,,,
,,2025-11-09,CORROSIONTECH CORPORATION (ASIA PACIFIC) PTE. LTD.,CORROSIONTECH CORPORATION (ASIA PACIFIC) PTE. LTD.,,,,,,11-12-2008,200822966H,46649,,,,,,,,,,,LOCAL COMPANY,Others,,Other Specialised Wholesale,,,,,,,,,,,,,,,,,['+6568425535'],,,,,,,,,,,,,,,,,,
,,2025-11-09,TRENDINK APPAREL PTE. LTD.,TRENDINK APPAREL PTE. LTD.,,,,,,10-08-2022,202228036G,46412,,,,,https://trendink.com.sg,,['https://www.facebook.com/trendinksg'],['https://www.instagram.com/trendink/'],,,LOCAL COMPANY,Others,,Household Goods,,,,,,,,,,,,,,,,,['+6584079590'],['sales@trendink.com.sg'],,,,,,,,,,,,,,,,,
,,2025-11-09,OPTIMA CONTROL SYSTEMS (S.E.A.) PTE LTD,OPTIMA CONTROL SYSTEMS (S.E.A.) PTE LTD,,,,,,17-08-2000,200007192D,46599,,,,,https://airconuncle.com.sg,,"['https://www.facebook.com/airconunclesg/', 'https://www.facebook.com/airconconnects/']",,,,LOCAL COMPANY,Others,,"Machinery, Equipment & Supplies",,,,,,,,,,,,,,,,,['+6598522583'],['contactus@airconuncle.com.sg'],,,,,,,,,,,,,,,,,
,,2025-11-09,ENJOYMOV MOBILE PTE. LTD.,ENJOYMOV MOBILE PTE. LTD.,,,,,,05-07-2017,201718821K,46522,,,,,,,,,,,LOCAL COMPANY,Others,,"Machinery, Equipment & Supplies",,,,,,,,,,,,,,,,,,,,,,,,,,,,,,,,,,,
,,2025-11-09,INNOS TRADING MARINE PTE. LTD.,INNOS TRADING MARINE PTE. LTD.,,,,,,16-07-2020,202020433N,46551,,,,,,,,,,,LOCAL COMPANY,Others,,"Machinery, Equipment & Supplies",,,,,,,,,,,,,,,,,,,,,,,,,,,,,,,,,,,
,,2025-11-09,HY-CAD SYSTEMS & ENGINEERING PTE LTD,HY-CAD SYSTEMS & ENGINEERING PTE LTD,,,,,,09-05-1987,198701310R,46522,,,,,,,,,,,LOCAL COMPANY,Others,,"Machinery, Equipment & Supplies",,,,,,,,,,,,,,,,,,,,,,,,,,,,,,,,,,,
,,2025-11-09,HOCK BAN HENG TRADING CO,HOCK BAN HENG TRADING CO,,,,,,10-09-1979,25668300W,46549,,,,,,,,,,,SOLE PROPRIETORSHIP/ PARTNERSHIP,Others,,"Machinery, Equipment & Supplies",,,,,,,,,,,,,,,,,['+6565638725'],,,,,,,,,,,,,,,,,,
,,2025-11-09,LEIA TRADING PTE. LTD.,LEIA TRADING PTE. LTD.,,,,,,01-09-2018,201829991M,46100,,,,,,,,,,,LOCAL COMPANY,Others,,Other Specialised Wholesale,,,,,,,,,,,,,,,,,['+6580810883'],,,,,,,,,,,,,,,,,,
,,2025-11-09,ACTIVE INTERNET EXCHANGE PTE. LTD.,ACTIVE INTERNET EXCHANGE PTE. LTD.,,,,,,20-04-2004,200404709W,46512,,,,,,,,,,,LOCAL COMPANY,Others,,"Machinery, Equipment & Supplies",,,,,,,,,,,,,,,,,,['info@activeix.com'],,,,,,,,,,,,,,,,,
,,2025-11-09,NAVTECH PTE LTD,NAVTECH PTE LTD,,,,,,08-12-1989,198905384C,46100,,,,,,,,,,,LOCAL COMPANY,Others,,Other Specialised Wholesale,,,,,,,,,,,,,,,,,,,,,,,,,,,,,,,,,,,
,,2025-11-09,GENEXT INTERNATIONAL PTE. LTD.,GENEXT INTERNATIONAL PTE. LTD.,,,,,,22-02-2023,202306570Z,46100,,,,,https://genext-intl.com/,,,,,,LOCAL COMPANY,Others,,Other Specialised Wholesale,,,,,,,,,,,,,,,,,['+6591997116'],['gul@genextlogistics.com'],,,,,,,,,,,,,,,,,
,,2025-11-09,GAIA SCIENCE PTE. LTD.,GAIA SCIENCE PTE. LTD.,,,,,,07-09-2009,200916513E,46592,,,,,https://gaiascience.com.sg,,['https://www.facebook.com/gaiascience'],['https://www.instagram.com/gaiasciencesingapore/'],['https://www.linkedin.com/company/gaia-science-pte-ltd/'],,LOCAL COMPANY,Others,,"Machinery, Equipment & Supplies",,,,,,,,,,,,,,,,,['+6568972772'],['info@gaiascience.com.sg'],,,,,,,,,,,,,,,,,
,,2025-11-09,BLUE COAST TECHNOLOGY PTE. LTD.,BLUE COAST TECHNOLOGY PTE. LTD.,,,,,,23-08-2024,202434733R,46523,,,,,,,,,,,LOCAL COMPANY,Others,,"Machinery, Equipment & Supplies",,,,,,,,,,,,,,,,,,,,,,,,,,,,,,,,,,,
,,2025-11-09,HOLOGIC SINGAPORE PTE. LTD.,HOLOGIC SINGAPORE PTE. LTD.,,,,,,11-01-2017,201701212H,46592,,,,,https://hologic.com,,['https://www.facebook.com/hologic'],['https://www.instagram.com/hologic/'],,,LOCAL COMPANY,Others,,"Machinery, Equipment & Supplies",,,,,,,,,,,,,,,,,,,,,,,,,,,,,,,,,,,
,,2025-11-09,KGS ASIA ENTERPRISE,KGS ASIA ENTERPRISE,,,,,,08-08-2025,53508451W,46424,,,,,,,,,,,SOLE PROPRIETORSHIP/ PARTNERSHIP,Others,,Household Goods,,,,,,,,,,,,,,,,,,,,,,,,,,,,,,,,,,,
,,2025-11-09,YONGDEBAO RUBBER & PLASTIC INDUSTRY PTE. LTD.,YONGDEBAO RUBBER & PLASTIC INDUSTRY PTE. LTD.,,,,,,29-09-2020,202030254Z,46592,,,,,,,,,,,LOCAL COMPANY,Others,,"Machinery, Equipment & Supplies",,,,,,,,,,,,,,,,,,,,,,,,,,,,,,,,,,,
,,2025-11-09,SPAS DESIGN & TRADING,SPAS DESIGN & TRADING,,,,,,12-02-2025,53498104J,46435,,,,,,,,,,,SOLE PROPRIETORSHIP/ PARTNERSHIP,Others,,Household Goods,,,,,,,,,,,,,,,,,,,,,,,,,,,,,,,,,,,
,,2025-11-09,CONTECH MACHINERY SERVICES,CONTECH MACHINERY SERVICES,,,,,,09-04-1990,42585900B,46541,,,,,,,,,,,SOLE PROPRIETORSHIP/ PARTNERSHIP,Others,,"Machinery, Equipment & Supplies",,,,,,,,,,,,,,,,,,,,,,,,,,,,,,,,,,,
,,2025-11-09,CHEERMAN GLOBAL FURNISHINGS PTE. LTD.,CHEERMAN GLOBAL FURNISHINGS PTE. LTD.,,,,,,27-05-2024,202421242W,46431,,,,,,,,,,,LOCAL COMPANY,Others,,Household Goods,,,,,,,,,,,,,,,,,,,,,,,,,,,,,,,,,,,
,,2025-11-09,STYLELIST PTE. LTD.,STYLELIST PTE. LTD.,,,,,,08-06-2021,202120030G,46439,,,,,,,,,,,LOCAL COMPANY,Others,,Household Goods,,,,,,,,,,,,,,,,,,,,,,,,,,,,,,,,,,,
,,2025-11-09,TITANIUM NEXUS INTERNATIONAL PTE. LTD.,TITANIUM NEXUS INTERNATIONAL PTE. LTD.,,,,,,25-11-2024,202448308W,46100,,,,,,,,,,,LOCAL COMPANY,Others,,Other Specialised Wholesale,,,,,,,,,,,,,,,,,,,,,,,,,,,,,,,,,,,
,,2025-11-09,BENEPHYT LABORATORIES (SINGAPORE) PTE. LTD.,BENEPHYT LABORATORIES (SINGAPORE) PTE. LTD.,,,,,,06-03-2009,200904019G,46424,,,,,https://mediphyt.sg,,,,,,LOCAL COMPANY,Others,,Household Goods,,,,,,,,,,,,,,,,,['+6564404414'],['sg@benephytlabs.com'],,,,,,,,,,,,,,,,,
,,2025-11-09,PAURICH SUPPLY & SERVICES,PAURICH SUPPLY & SERVICES,,,,,,07-11-2003,53007604K,46661,,,,,,,,,,,SOLE PROPRIETORSHIP/ PARTNERSHIP,Others,,Other Specialised Wholesale,,,,,,,,,,,,,,,,,,,,,,,,,,,,,,,,,,,
,,2025-11-09,FORTRAN AVIATION PTE. LTD.,FORTRAN AVIATION PTE. LTD.,,,,,,25-08-2008,200816801K,46100,,,,,https://airconuncle.com.sg,,"['https://www.facebook.com/airconunclesg/', 'https://www.facebook.com/airconconnects/']",,,,LOCAL COMPANY,Others,,Other Specialised Wholesale,,,,,,,,,,,,,,,,,['+6598522583'],['contactus@airconuncle.com.sg'],,,,,,,,,,,,,,,,,
,,2025-11-09,NEXUS SOLAR PTE. LTD.,NEXUS SOLAR PTE. LTD.,,,,,,12-04-2016,201609647G,46599,,,,,,,,,,,LOCAL COMPANY,Others,,"Machinery, Equipment & Supplies",,,,,,,,,,,,,,,,,,['info@nexussolarenergy.in'],,,,,,,,,,,,,,,,,
,,2025-11-09,TOP SUN AUTOMOTIVE COMPONENTS SINGAPORE PTE. LTD.,TOP SUN AUTOMOTIVE COMPONENTS SINGAPORE PTE. LTD.,,,,,,18-03-2022,202209403N,46563,,,,,https://topsunplating.com/,,,,,,LOCAL COMPANY,Others,,"Machinery, Equipment & Supplies",,,,,,,,,,,,,,,,,,['sales@topsunplating.com'],,,,,,,,,,,,,,,,,
,,2025-11-09,RUBBER SERVICES SINGAPORE 1877 PTE. LTD.,RUBBER SERVICES SINGAPORE 1877 PTE. LTD.,,,,,,25-06-2020,202017851M,46221,,,,,,,,,['https://sg.linkedin.com/company/rubber-services-singapore-1877'],,LOCAL COMPANY,Others,,Agricultural Raw Materials & Live Animals,,,,,,,,,,,,,,,,,['+6568308454'],,,,,,,,,,,,,,,,,,
,,2025-11-09,MCH INDUSTRIES PTE. LTD.,MCH INDUSTRIES PTE. LTD.,,,,,,17-01-2025,202510559Z,46412,,,,,https://www.mchdne.com/,,,,,,LOCAL COMPANY,Others,,Household Goods,,,,,,,,,,,,,,,,,['+6588011385'],['sales@mchdne.com'],,,,,,,,,,,,,,,,,
,,2025-11-09,NOAH MARINE SUPPLIES PTE LTD,NOAH MARINE SUPPLIES PTE LTD,,,,,,02-10-1987,198703076G,46661,,,,,https://www.singapore.noahmarinegroup.com/,,,,,,LOCAL COMPANY,Others,,Other Specialised Wholesale,,,,,,,,,,,,,,,,,['+6563165065'],['info@noahmarinegroup.com'],,,,,,,,,,,,,,,,,
,,2025-11-09,COSMOSTAR SINGAPORE PRIVATE LIMITED,COSMOSTAR SINGAPORE PRIVATE LIMITED,,,,,,10-09-2019,201930039G,46411,,,,,,,,,,,LOCAL COMPANY,Others,,Household Goods,,,,,,,,,,,,,,,,,,,,,,,,,,,,,,,,,,,
,,2025-11-09,YONG LEE CLOTH MERCHANT PRIVATE LIMITED,YONG LEE CLOTH MERCHANT PRIVATE LIMITED,,,,,,10-05-1977,197700970W,46411,,,,,https://yonglee.com.sg,,,,,,LOCAL COMPANY,Others,,Household Goods,,,,,,,,,,,,,,,,,['+6568469222'],,,,,,,,,,,,,,,,,,
,,2025-11-09,EPECOM SOLUTIONS PTE. LTD.,EPECOM SOLUTIONS PTE. LTD.,,,,,,26-01-2018,201803348D,46436,,,,,https://epecomgraphics.com.sg,,['https://www.facebook.com/p/epecom-solutions-pte-ltd-100067115795200/'],,['https://sg.linkedin.com/company/epecom-graphics-pte-ltd'],,LOCAL COMPANY,Others,,Household Goods,,,,,,,,,,,,,,,,,['+6568426994'],['sales@epecomsolutions.com'],,,,,,,,,,,,,,,,,
,,2025-11-09,GS PROFILES PTE. LTD.,GS PROFILES PTE. LTD.,,,,,,15-05-2007,200708433D,46100,,,,,https://gsprofiles.net,,,,,,LOCAL COMPANY,Others,,Other Specialised Wholesale,,,,,,,,,,,,,,,,,['+6565623384'],,,,,,,,,,,,,,,,,,
,,2025-11-09,C E TECHNOLOGY (FAR EAST) PTE LTD,C E TECHNOLOGY (FAR EAST) PTE LTD,,,,,,11-07-1996,199605065W,46541,,,,,,,,,,,LOCAL COMPANY,Others,,"Machinery, Equipment & Supplies",,,,,,,,,,,,,,,,,['+6563910339'],,,,,,,,,,,,,,,,,,
,,2025-11-09,MKM SERVICES PTE. LTD.,MKM SERVICES PTE. LTD.,,,,,,18-11-2014,201434427W,46100,,,,,https://mkm.com.sg,,['https://www.facebook.com/mkmcarleasing/'],,,,LOCAL COMPANY,Others,,Other Specialised Wholesale,,,,,,,,,,,,,,,,,['+6567476880'],['enquiries@mkmcarleasing.com.sg'],,,,,,,,,,,,,,,,,
,,2025-11-09,TRIBROS MARINE EQUIPMENT PTE. LTD.,TRIBROS MARINE EQUIPMENT PTE. LTD.,,,,,,15-12-2022,202244698D,46661,,,,,,,,,,,LOCAL COMPANY,Others,,Other Specialised Wholesale,,,,,,,,,,,,,,,,,,,,,,,,,,,,,,,,,,,
,,2025-11-09,MY-CARDIA (SG) PTE. LTD.,MY-CARDIA (SG) PTE. LTD.,,,,,,28-11-2018,201840243W,46592,,,,,,,,,,,LOCAL COMPANY,Others,,"Machinery, Equipment & Supplies",,,,,,,,,,,,,,,,,,,,,,,,,,,,,,,,,,,
,,2025-11-09,ORIENT NICKEL PTE. LTD.,ORIENT NICKEL PTE. LTD.,,,,,,15-08-2019,201926647E,46620,,,,,,,,,,,LOCAL COMPANY,Others,,Other Specialised Wholesale,,,,,,,,,,,,,,,,,,,,,,,,,,,,,,,,,,,
,,2025-11-09,STM CONSTRUCTION EQUIPMENT PTE. LTD.,STM CONSTRUCTION EQUIPMENT PTE. LTD.,,,,,,02-11-2010,201023365D,46542,,,,,https://stm-ce.com,,['https://www.facebook.com/stm.construction.equipment'],,,,LOCAL COMPANY,Others,,"Machinery, Equipment & Supplies",,,,,,,,,,,,,,,,,['+6583183139'],['info@stm-ce.com'],,,,,,,,,,,,,,,,,
,,2025-11-09,PURITECH GLOBAL PTE. LTD.,PURITECH GLOBAL PTE. LTD.,,,,,,04-04-2008,200806608Z,46549,,,,,http://www.puritec-group.com/,,,,['https://sg.linkedin.com/in/pei-chern-lee-15b201163'],,LOCAL COMPANY,Others,,"Machinery, Equipment & Supplies",,,,,,,,,,,,,,,,,['+6565091848'],['sales@puritec-group.com'],,,,,,,,,,,,,,,,,
,,2025-11-09,AUSMAX PTE. LTD.,AUSMAX PTE. LTD.,,,,,,13-10-2022,202236497W,46411,,,,,https://airconuncle.com.sg,,"['https://www.facebook.com/airconunclesg/', 'https://www.facebook.com/airconconnects/']",,,,LOCAL COMPANY,Others,,Household Goods,,,,,,,,,,,,,,,,,['+6598522583'],['contactus@airconuncle.com.sg'],,,,,,,,,,,,,,,,,
,,2025-11-09,SANAAYA VENTURES PTE. LTD.,SANAAYA VENTURES PTE. LTD.,,,,,,07-04-2016,201609141H,46620,,,,,https://sanaayaventures.com,,,,,,LOCAL COMPANY,Others,,Other Specialised Wholesale,,,,,,,,,,,,,,,,,,['cd@sanaayaventures.com'],,,,,,,,,,,,,,,,,
,,2025-11-09,L.SQUARE GROUP PTE. LTD.,L.SQUARE GROUP PTE. LTD.,,,,,,08-08-2007,200714583N,46100,,,,,https://lsquaredigital.com/,,,,,,LOCAL COMPANY,Others,,Other Specialised Wholesale,,,,,,,,,,,,,,,,,,,,,,,,,,,,,,,,,,,
,,2025-11-09,OCEAN ELECTRICAL PTE. LTD.,OCEAN ELECTRICAL PTE. LTD.,,,,,,17-10-2003,200310504D,46551,,,,,https://timesdirectories.com,,['https://www.facebook.com/timesdirectories'],,,,LOCAL COMPANY,Others,,"Machinery, Equipment & Supplies",,,,,,,,,,,,,,,,,['+6563162230'],,,,,,,,,,,,,,,,,,
,,2025-11-09,ESTALCA PTE. LTD.,ESTALCA PTE. LTD.,,,,,,10-11-2022,202240022R,46592,,,,,,,,,,,LOCAL COMPANY,Others,,"Machinery, Equipment & Supplies",,,,,,,,,,,,,,,,,,,,,,,,,,,,,,,,,,,
,,2025-11-09,SPARKNZ,SPARKNZ,,,,,,02-11-2018,53389526W,46100,,,,,,,['https://www.facebook.com/spark4nz/'],['https://www.instagram.com/sparknz/'],,,SOLE PROPRIETORSHIP/ PARTNERSHIP,Others,,Other Specialised Wholesale,,,,,,,,,,,,,,,,,,,,,,,,,,,,,,,,,,,
,,2025-11-09,FOXCONN TECHNOLOGY PTE. LTD.,FOXCONN TECHNOLOGY PTE. LTD.,,,,,,18-04-2005,200505164M,46522,,,,,https://foxconn.com,,,,,,LOCAL COMPANY,Others,,"Machinery, Equipment & Supplies",,,,,,,,,,,,,,,,,['+6567488876'],,,,,,,,,,,,,,,,,,
,,2025-11-09,MJP APAC PTE. LTD.,MJP APAC PTE. LTD.,,,,,,29-04-2024,202416991R,46551,,,,,https://marinejetpower.com/,,,,,,LOCAL COMPANY,Others,,"Machinery, Equipment & Supplies",,,,,,,,,,,,,,,,,,,,,,,,,,,,,,,,,,,
,,2025-11-09,H&C GREENTECH SINGAPORE PTE. LTD.,H&C GREENTECH SINGAPORE PTE. LTD.,,,,,,03-05-2024,202417553E,46549,,,,,https://gte.sg/,,,,,,LOCAL COMPANY,Others,,"Machinery, Equipment & Supplies",,,,,,,,,,,,,,,,,,,,,,,,,,,,,,,,,,,
,,2025-11-09,EASTAL GROUP PTE. LTD.,EASTAL GROUP PTE. LTD.,,,,,,28-10-2024,202444335W,46620,,,,,,,,,,,LOCAL COMPANY,Others,,Other Specialised Wholesale,,,,,,,,,,,,,,,,,,,,,,,,,,,,,,,,,,,
,,2025-11-09,SG WEBE PTE. LTD.,SG WEBE PTE. LTD.,,,,,,22-04-2025,202517354K,46633,,,,,,,,,,,LOCAL COMPANY,Others,,Other Specialised Wholesale,,,,,,,,,,,,,,,,,,,,,,,,,,,,,,,,,,,
,,2025-11-09,WEXLOX PTE. LTD.,WEXLOX PTE. LTD.,,,,,,05-09-2025,202539773M,46413,,,,,,,,,,,LOCAL COMPANY,Others,,Household Goods,,,,,,,,,,,,,,,,,,,,,,,,,,,,,,,,,,,
,,2025-11-09,AUTOPOT SINGAPORE PTE. LTD.,AUTOPOT SINGAPORE PTE. LTD.,,,,,,05-10-2020,202031217W,46530,,,,,https://gardensmartshop.com.au,,"['https://www.facebook.com/autopot.au', 'https://www.facebook.com/autopotcentresg/']",['https://www.instagram.com/autopot_systems/'],,,LOCAL COMPANY,Others,,"Machinery, Equipment & Supplies",,,,,,,,,,,,,,,,,['+6596336348'],['Autopotcentresg@gmail.com'],,,,,,,,,,,,,,,,,
,,2025-11-09,DEVELOP TRADING CO. PTE. LTD.,DEVELOP TRADING CO. PTE. LTD.,,,,,,27-02-2013,201305218E,46221,,,,,,,,,,,LOCAL COMPANY,Others,,Agricultural Raw Materials & Live Animals,,,,,,,,,,,,,,,,,,,,,,,,,,,,,,,,,,,
,,2025-11-09,YANJAN INTERNATIONAL TRADING PTE. LTD.,YANJAN INTERNATIONAL TRADING PTE. LTD.,,,,,,06-03-2020,202007776Z,46411,,,,,,,,,,,LOCAL COMPANY,Others,,Household Goods,,,,,,,,,,,,,,,,,,,,,,,,,,,,,,,,,,,
,,2025-11-09,ESBEE CO PTE LTD,ESBEE CO PTE LTD,,,,,,26-08-1980,198003057G,46435,,,,,,,,,,,LOCAL COMPANY,Others,,Household Goods,,,,,,,,,,,,,,,,,['+6562262006'],,,,,,,,,,,,,,,,,,
,,2025-11-09,PROGRESO NETWORKS & SECURITY PTE. LTD.,PROGRESO NETWORKS & SECURITY PTE. LTD.,,,,,,04-10-2004,200412700E,46514,,,,,https://progreso.com.sg,,['https://www.facebook.com/progreson'],,['https://sg.linkedin.com/company/progreso-security'],,LOCAL COMPANY,Others,,"Machinery, Equipment & Supplies",,,,,,,,,,,,,,,,,['+6565099600'],['sales@progreso.com.sg'],,,,,,,,,,,,,,,,,
,,2025-11-09,PRITHVI PTE. LTD.,PRITHVI PTE. LTD.,,,,,,30-01-2013,201303026N,46412,,,,,,,,,,,LOCAL COMPANY,Others,,Household Goods,,,,,,,,,,,,,,,,,,,,,,,,,,,,,,,,,,,
,,2025-11-09,IDMS INDUSTRIES PTE. LTD.,IDMS INDUSTRIES PTE. LTD.,,,,,,09-11-2017,201732296E,46592,,,,,https://www.mycareersfuture.gov.sg/job/sales/medical-sales-representative-idms-industries-76885a43e3cef469e443cb8afd3c0f20,,,,['https://sg.linkedin.com/company/idmsindustries'],,LOCAL COMPANY,Others,,"Machinery, Equipment & Supplies",,,,,,,,,,,,,,,,,['+6563070424'],,,,,,,,,,,,,,,,,,
,,2025-11-09,YUNTOP PED TECHNOLOGY PTE. LTD.,YUNTOP PED TECHNOLOGY PTE. LTD.,,,,,,06-03-2024,202408877R,46491,,,,,,,,,,,LOCAL COMPANY,Others,,Household Goods,,,,,,,,,,,,,,,,,,,,,,,,,,,,,,,,,,,
,,2025-11-09,GAFOOR TRADING COMPANY,GAFOOR TRADING COMPANY,,,,,,31-05-1979,25312900A,46424,,,,,,,,,['https://sg.linkedin.com/company/gafoor-trading-company'],,SOLE PROPRIETORSHIP/ PARTNERSHIP,Others,,Household Goods,,,,,,,,,,,,,,,,,,,,,,,,,,,,,,,,,,,
,,2025-11-09,ADDUP SOLUTIONS PTE. LTD.,ADDUP SOLUTIONS PTE. LTD.,,,,,,22-02-2018,201806341R,46541,,,,,https://beam-machines.com,,,,,,LOCAL COMPANY,Others,,"Machinery, Equipment & Supplies",,,,,,,,,,,,,,,,,['+6569099345'],,,,,,,,,,,,,,,,,,
,,2025-11-09,TOTAL MARINE EQUIPMENTS PTE. LTD.,TOTAL MARINE EQUIPMENTS PTE. LTD.,,,,,,04-04-2012,201208419K,46551,,,,,https://totalmarine.com.sg,,,,,,LOCAL COMPANY,Others,,"Machinery, Equipment & Supplies",,,,,,,,,,,,,,,,,['+6562623000'],['sales@totalmarine.com.sg'],,,,,,,,,,,,,,,,,
,,2025-11-09,RASAGO,RASAGO,,,,,,07-07-2025,53506625B,46303,,,,,,,,,,,SOLE PROPRIETORSHIP/ PARTNERSHIP,Others,,"Food, Beverages & Tobacco",,,,,,,,,,,,,,,,,,,,,,,,,,,,,,,,,,,
,,2025-11-09,NUTRILAND PTE. LTD.,NUTRILAND PTE. LTD.,,,,,,09-05-2023,202317887G,46642,,,,,,,,,,,LOCAL COMPANY,Others,,Other Specialised Wholesale,,,,,,,,,,,,,,,,,,,,,,,,,,,,,,,,,,,
,,2025-11-09,SAPON PTE. LTD.,SAPON PTE. LTD.,,,,,,27-02-2012,201204768C,46432,,,,,,,,,,,LOCAL COMPANY,Others,,Household Goods,,,,,,,,,,,,,,,,,,,,,,,,,,,,,,,,,,,
,,2025-11-09,UNIMETAL RESOURCES PTE. LTD.,UNIMETAL RESOURCES PTE. LTD.,,,,,,01-06-2009,200909666G,46632,,,,,,,,,,,LOCAL COMPANY,Others,,Other Specialised Wholesale,,,,,,,,,,,,,,,,,['+6562506506'],,,,,,,,,,,,,,,,,,
,,2025-11-09,QASON GLOBAL PTE. LTD.,QASON GLOBAL PTE. LTD.,,,,,,17-03-2008,200805197N,46461,,,,,https://www.lamsoon.com/,,,,,,LOCAL COMPANY,Others,,Pharmacies & Health Stores,,,,,,,,,,,,,,,,,,,,,,,,,,,,,,,,,,,
,,2025-11-09,COTTAGE INDUSTRY PROMOTIONS,COTTAGE INDUSTRY PROMOTIONS,,,,,,26-08-1998,52874724W,46452,,,,,,,,,,,SOLE PROPRIETORSHIP/ PARTNERSHIP,Others,,Household Goods,,,,,,,,,,,,,,,,,,,,,,,,,,,,,,,,,,,
,,2025-11-09,RICHSEA ENTERPRISE PTE. LTD.,RICHSEA ENTERPRISE PTE. LTD.,,,,,,21-12-2020,202041096W,46100,,,,,https://airconuncle.com.sg,,"['https://www.facebook.com/airconunclesg/', 'https://www.facebook.com/airconconnects/']",,,,LOCAL COMPANY,Others,,Other Specialised Wholesale,,,,,,,,,,,,,,,,,['+6598522583'],['contactus@airconuncle.com.sg'],,,,,,,,,,,,,,,,,
,,2025-11-09,ULTRA GREAT PTE. LTD.,ULTRA GREAT PTE. LTD.,,,,,,15-01-2025,202502139K,46643,,,,,https://ultrasupplies.com.sg/,,['https://www.facebook.com/ultrasuppliessg'],['https://www.instagram.com/ultrasupplies/'],,,LOCAL COMPANY,Others,,Other Specialised Wholesale,,,,,,,,,,,,,,,,,['+6563333335'],,,,,,,,,,,,,,,,,,
,,2025-11-09,SWEE HUAT TAN KEE TRADING,SWEE HUAT TAN KEE TRADING,,,,,,13-10-2003,53005718B,46301,,,,,,,,,,,SOLE PROPRIETORSHIP/ PARTNERSHIP,Others,,"Food, Beverages & Tobacco",,,,,,,,,,,,,,,,,['+6588537339'],,,,,,,,,,,,,,,,,,
,,2025-11-09,PERPETUAL SOURCE PRIVATE LIMITED,PERPETUAL SOURCE PRIVATE LIMITED,,,,,,07-01-2025,202500762G,46439,,,,,,,,,,,LOCAL COMPANY,Others,,Household Goods,,,,,,,,,,,,,,,,,,,,,,,,,,,,,,,,,,,
,,2025-11-09,CC AVIATION SOLUTIONS PTE. LTD.,CC AVIATION SOLUTIONS PTE. LTD.,,,,,,09-12-2022,202243964H,46552,,,,,https://airconuncle.com.sg,,"['https://www.facebook.com/airconunclesg/', 'https://www.facebook.com/airconconnects/']",,,,LOCAL COMPANY,Others,,"Machinery, Equipment & Supplies",,,,,,,,,,,,,,,,,['+6598522583'],['contactus@airconuncle.com.sg'],,,,,,,,,,,,,,,,,
,,2025-11-09,RSZB INTERNATIONAL DEVELOPMENT PTE. LTD.,RSZB INTERNATIONAL DEVELOPMENT PTE. LTD.,,,,,,23-09-2019,201931761R,46620,,,,,,,,,,,LOCAL COMPANY,Others,,Other Specialised Wholesale,,,,,,,,,,,,,,,,,,,,,,,,,,,,,,,,,,,
,,2025-11-09,A&K MARINE SUPPLIES PTE. LTD.,A&K MARINE SUPPLIES PTE. LTD.,,,,,,06-04-2021,202112075G,46434,,,,,https://airconuncle.com.sg,,"['https://www.facebook.com/airconunclesg/', 'https://www.facebook.com/airconconnects/']",,,,LOCAL COMPANY,Others,,Household Goods,,,,,,,,,,,,,,,,,['+6598522583'],['contactus@airconuncle.com.sg'],,,,,,,,,,,,,,,,,
,,2025-11-09,KAPI KAPI BY LUVI PTE. LTD.,KAPI KAPI BY LUVI PTE. LTD.,,,,,,21-08-2025,202537030N,46412,,,,,,,,,,,LOCAL COMPANY,Others,,Household Goods,,,,,,,,,,,,,,,,,,,,,,,,,,,,,,,,,,,
,,2025-11-09,J ELITE FOOD,J ELITE FOOD,,,,,,19-02-2022,53446695L,46593,,,,,https://www.elitefood.sg/,,,,,,SOLE PROPRIETORSHIP/ PARTNERSHIP,Others,,"Machinery, Equipment & Supplies",,,,,,,,,,,,,,,,,,,,,,,,,,,,,,,,,,,
,,2025-11-09,LAKESIDE FISHERY TRADING,LAKESIDE FISHERY TRADING,,,,,,05-01-1985,33914900X,46302,,,,,,,['https://www.facebook.com/lakeside.fisherytrading/'],,,,SOLE PROPRIETORSHIP/ PARTNERSHIP,Others,,"Food, Beverages & Tobacco",,,,,,,,,,,,,,,,,['+6567937781'],,,,,,,,,,,,,,,,,,
